die_opening,distance,thickness,mean_springback
10,15.0,0.5,0.19176666666666675
10,10.0,1.0,0.6017266666666661
10,5.0,1.0,0.4091666666666663
10,15.0,0.5,0.19176666666666675
10,5.0,1.0,0.4091666666666663
10,10.0,0.5,0.9620200000000008
10,5.0,0.5,0.4640933333333332
10,5.0,0.5,0.4640933333333332
10,5.0,0.5,0.4640933333333332
10,10.0,1.0,0.6017266666666661
10,10.0,0.5,0.9620200000000008
10,15.0,0.5,0.19176666666666675
10,15.0,0.5,0.19176666666666675
10,5.0,0.5,0.4640933333333332
10,5.0,1.0,0.4091666666666663
10,15.0,0.5,0.19176666666666675
10,10.0,1.0,0.6017266666666661
10,10.0,1.0,0.6017266666666661
10,5.0,0.5,0.4640933333333332
10,10.0,0.5,0.9620200000000008
10,15.0,0.5,0.19176666666666675
10,15.0,0.5,0.19176666666666675
10,10.0,1.0,0.6017266666666661
10,5.0,0.5,0.4640933333333332
10,5.0,1.0,0.4091666666666663
10,15.0,0.5,0.19176666666666675
10,5.0,1.0,0.4091666666666663
10,10.0,0.5,0.9620200000000008
10,5.0,0.5,0.4640933333333332
10,5.0,0.5,0.4640933333333332
10,10.0,0.5,0.9620200000000008
10,15.0,0.5,0.19176666666666675
10,10.0,1.0,0.6017266666666661
10,10.0,0.5,0.9620200000000008
10,10.0,0.5,0.9620200000000008
10,10.0,0.5,0.9620200000000008
10,5.0,0.5,0.4640933333333332
10,5.0,1.0,0.4091666666666663
10,10.0,0.5,0.9620200000000008
20,5.0,1.0,0.44133333333333336
20,17.5,0.5,2.4316666666666666
20,10.0,0.5,1.1315
20,12.5,1.0,0.843
20,10.0,1.0,0.674
20,20.0,1.0,1.9693333333333334
20,7.5,1.0,0.5486666666666667
20,5.0,1.0,0.44133333333333336
20,15.0,3.0,0.8653333333333334
20,15.0,1.5,0.9576666666666668
20,20.0,1.0,1.9693333333333334
20,15.0,1.0,1.0803333333333334
20,12.5,1.0,0.843
20,2.5,0.5,1.287
20,7.5,0.5,0.9526666666666667
20,15.0,0.5,1.8010000000000002
20,17.5,0.5,2.4316666666666666
20,15.0,0.5,1.8010000000000002
20,5.0,1.0,0.44133333333333336
20,10.0,0.5,1.1315
20,5.0,2.0,0.634
20,12.5,0.5,1.3373333333333335
20,10.0,1.0,0.674
20,2.5,1.0,0.7166666666666667
20,5.0,2.0,0.634
20,7.5,0.5,0.9526666666666667
20,2.5,0.5,1.287
20,7.5,1.0,0.5486666666666667
20,17.5,0.5,2.4316666666666666
20,2.5,1.0,0.7166666666666667
20,17.5,1.0,1.454
20,10.0,2.0,0.629
20,15.0,1.0,1.0803333333333334
20,5.0,1.0,0.44133333333333336
20,15.0,3.0,0.8653333333333334
20,5.0,1.0,0.44133333333333336
20,10.0,1.0,0.674
20,12.5,1.0,0.843
20,5.0,3.0,0.44799999999999995
20,10.0,0.5,1.1315
20,10.0,2.0,0.629
20,2.5,0.5,1.287
20,7.5,0.5,0.9526666666666667
20,17.5,0.5,2.4316666666666666
20,15.0,2.0,0.9396666666666667
20,17.5,0.5,2.4316666666666666
20,10.0,3.0,0.5456666666666666
20,7.5,1.0,0.5486666666666667
20,12.5,1.0,0.843
20,10.0,1.5,0.634
20,12.5,0.5,1.3373333333333335
20,10.0,2.0,0.629
20,15.0,1.0,1.0803333333333334
20,10.0,0.5,1.1315
20,7.5,1.0,0.5486666666666667
20,5.0,0.5,0.8226666666666667
20,20.0,1.0,1.9693333333333334
20,5.0,1.0,0.44133333333333336
20,5.0,0.5,0.8226666666666667
20,5.0,3.0,0.44799999999999995
20,20.0,3.0,1.3630000000000002
20,12.5,0.5,1.3373333333333335
20,15.0,1.5,0.9576666666666668
20,2.5,0.5,1.287
20,2.5,0.5,1.287
20,2.5,1.0,0.7166666666666667
20,17.5,1.0,1.454
20,20.0,1.0,1.9693333333333334
20,7.5,1.0,0.5486666666666667
20,10.0,1.0,0.674
20,15.0,2.0,0.9396666666666667
20,7.5,1.0,0.5486666666666667
20,12.5,1.0,0.843
20,20.0,1.0,1.9693333333333334
20,15.0,1.0,1.0803333333333334
20,17.5,1.0,1.454
20,15.0,3.0,0.8653333333333334
20,7.5,1.0,0.5486666666666667
20,10.0,1.5,0.634
20,15.0,2.0,0.9396666666666667
20,20.0,2.0,1.6383333333333334
20,5.0,0.5,0.8226666666666667
20,20.0,1.5,1.5523333333333333
20,5.0,2.0,0.634
20,20.0,2.0,1.6383333333333334
20,10.0,3.0,0.5456666666666666
20,10.0,3.0,0.5456666666666666
20,20.0,3.0,1.3630000000000002
20,5.0,1.5,0.5725
20,10.0,1.0,0.674
20,7.5,3.0,0.519
20,2.5,3.0,0.38566666666666666
20,10.0,3.0,0.5456666666666666
20,5.0,1.5,0.5725
20,10.0,1.5,0.634
20,15.0,0.5,1.8010000000000002
20,15.0,1.5,0.9576666666666668
20,5.0,0.5,0.8226666666666667
20,20.0,2.0,1.6383333333333334
20,12.5,1.0,0.843
20,15.0,3.0,0.8653333333333334
20,15.0,3.0,0.8653333333333334
20,5.0,2.0,0.634
20,10.0,2.0,0.629
20,15.0,1.0,1.0803333333333334
20,12.5,1.0,0.843
20,20.0,1.0,1.9693333333333334
20,20.0,3.0,1.3630000000000002
20,7.5,0.5,0.9526666666666667
20,20.0,3.0,1.3630000000000002
20,17.5,1.0,1.454
20,2.5,0.5,1.287
20,2.5,0.5,1.287
20,5.0,1.0,0.44133333333333336
20,10.0,1.0,0.674
20,15.0,3.0,0.8653333333333334
20,20.0,1.5,1.5523333333333333
20,10.0,1.0,0.674
20,5.0,1.0,0.44133333333333336
20,5.0,1.0,0.44133333333333336
20,2.5,0.5,1.287
20,17.5,1.0,1.454
20,2.5,3.0,0.38566666666666666
20,5.0,3.0,0.44799999999999995
20,15.0,2.0,0.9396666666666667
20,5.0,1.5,0.5725
20,2.5,1.0,0.7166666666666667
20,12.5,0.5,1.3373333333333335
20,5.0,1.0,0.44133333333333336
20,7.5,0.5,0.9526666666666667
20,20.0,1.0,1.9693333333333334
20,7.5,1.0,0.5486666666666667
20,15.0,0.5,1.8010000000000002
20,15.0,1.0,1.0803333333333334
20,5.0,2.0,0.634
20,15.0,1.0,1.0803333333333334
20,12.5,1.0,0.843
20,10.0,2.0,0.629
20,15.0,0.5,1.8010000000000002
20,10.0,0.5,1.1315
20,5.0,3.0,0.44799999999999995
20,17.5,0.5,2.4316666666666666
20,12.5,1.0,0.843
20,15.0,2.0,0.9396666666666667
20,10.0,3.0,0.5456666666666666
20,15.0,1.0,1.0803333333333334
20,17.5,1.0,1.454
20,2.5,0.5,1.287
20,7.5,3.0,0.519
20,7.5,1.0,0.5486666666666667
20,17.5,1.0,1.454
20,20.0,1.0,1.9693333333333334
20,15.0,1.0,1.0803333333333334
20,20.0,3.0,1.3630000000000002
20,10.0,1.0,0.674
20,7.5,1.0,0.5486666666666667
20,15.0,1.0,1.0803333333333334
20,10.0,2.0,0.629
20,12.5,1.0,0.843
20,20.0,2.0,1.6383333333333334
20,10.0,1.5,0.634
20,2.5,1.0,0.7166666666666667
20,7.5,3.0,0.519
20,2.5,0.5,1.287
20,20.0,2.0,1.6383333333333334
20,10.0,3.0,0.5456666666666666
20,5.0,3.0,0.44799999999999995
20,2.5,1.0,0.7166666666666667
20,5.0,1.0,0.44133333333333336
20,10.0,3.0,0.5456666666666666
20,12.5,0.5,1.3373333333333335
20,12.5,0.5,1.3373333333333335
20,17.5,0.5,2.4316666666666666
20,15.0,1.0,1.0803333333333334
20,17.5,0.5,2.4316666666666666
20,20.0,3.0,1.3630000000000002
20,7.5,3.0,0.519
20,10.0,1.5,0.634
20,7.5,3.0,0.519
20,20.0,1.5,1.5523333333333333
20,17.5,1.0,1.454
20,5.0,0.5,0.8226666666666667
20,2.5,1.0,0.7166666666666667
20,20.0,2.0,1.6383333333333334
20,2.5,3.0,0.38566666666666666
20,12.5,1.0,0.843
20,5.0,1.5,0.5725
20,5.0,1.0,0.44133333333333336
20,10.0,1.5,0.634
20,7.5,3.0,0.519
20,10.0,3.0,0.5456666666666666
20,2.5,1.0,0.7166666666666667
20,7.5,3.0,0.519
20,15.0,0.5,1.8010000000000002
20,12.5,0.5,1.3373333333333335
20,20.0,1.0,1.9693333333333334
20,20.0,1.5,1.5523333333333333
20,12.5,0.5,1.3373333333333335
20,5.0,0.5,0.8226666666666667
20,10.0,3.0,0.5456666666666666
20,20.0,1.0,1.9693333333333334
20,15.0,1.0,1.0803333333333334
20,7.5,0.5,0.9526666666666667
20,15.0,0.5,1.8010000000000002
20,5.0,3.0,0.44799999999999995
20,15.0,3.0,0.8653333333333334
20,5.0,1.5,0.5725
20,10.0,0.5,1.1315
20,20.0,1.0,1.9693333333333334
20,5.0,1.0,0.44133333333333336
20,7.5,0.5,0.9526666666666667
20,10.0,3.0,0.5456666666666666
20,2.5,3.0,0.38566666666666666
20,5.0,0.5,0.8226666666666667
20,7.5,1.0,0.5486666666666667
20,17.5,1.0,1.454
20,10.0,1.0,0.674
20,20.0,1.5,1.5523333333333333
20,10.0,0.5,1.1315
20,7.5,0.5,0.9526666666666667
20,15.0,1.0,1.0803333333333334
20,15.0,3.0,0.8653333333333334
20,7.5,1.0,0.5486666666666667
20,5.0,0.5,0.8226666666666667
20,5.0,3.0,0.44799999999999995
20,17.5,0.5,2.4316666666666666
20,10.0,0.5,1.1315
20,5.0,0.5,0.8226666666666667
20,20.0,1.0,1.9693333333333334
20,2.5,1.0,0.7166666666666667
20,15.0,2.0,0.9396666666666667
20,20.0,1.5,1.5523333333333333
20,10.0,0.5,1.1315
20,15.0,0.5,1.8010000000000002
20,5.0,1.0,0.44133333333333336
20,2.5,1.0,0.7166666666666667
20,5.0,1.5,0.5725
20,7.5,1.0,0.5486666666666667
20,20.0,1.0,1.9693333333333334
20,15.0,1.5,0.9576666666666668
20,20.0,3.0,1.3630000000000002
20,10.0,2.0,0.629
20,15.0,3.0,0.8653333333333334
20,15.0,0.5,1.8010000000000002
20,5.0,0.5,0.8226666666666667
20,10.0,0.5,1.1315
20,20.0,3.0,1.3630000000000002
20,5.0,1.5,0.5725
20,2.5,3.0,0.38566666666666666
20,7.5,1.0,0.5486666666666667
20,17.5,1.0,1.454
20,15.0,2.0,0.9396666666666667
20,10.0,0.5,1.1315
20,5.0,3.0,0.44799999999999995
20,2.5,3.0,0.38566666666666666
20,7.5,3.0,0.519
20,10.0,0.5,1.1315
20,20.0,1.0,1.9693333333333334
20,7.5,3.0,0.519
20,15.0,1.0,1.0803333333333334
20,2.5,3.0,0.38566666666666666
20,17.5,1.0,1.454
20,12.5,1.0,0.843
20,5.0,3.0,0.44799999999999995
20,17.5,0.5,2.4316666666666666
20,5.0,2.0,0.634
20,10.0,0.5,1.1315
20,5.0,1.0,0.44133333333333336
20,5.0,2.0,0.634
20,20.0,3.0,1.3630000000000002
20,10.0,1.0,0.674
20,10.0,1.5,0.634
20,15.0,1.0,1.0803333333333334
20,10.0,1.0,0.674
20,15.0,0.5,1.8010000000000002
20,12.5,1.0,0.843
20,5.0,1.5,0.5725
20,12.5,0.5,1.3373333333333335
20,5.0,3.0,0.44799999999999995
20,17.5,1.0,1.454
20,5.0,3.0,0.44799999999999995
20,15.0,1.0,1.0803333333333334
20,10.0,3.0,0.5456666666666666
20,2.5,1.0,0.7166666666666667
20,10.0,1.0,0.674
20,15.0,0.5,1.8010000000000002
20,2.5,3.0,0.38566666666666666
20,7.5,0.5,0.9526666666666667
20,17.5,1.0,1.454
20,15.0,2.0,0.9396666666666667
20,10.0,1.5,0.634
20,17.5,0.5,2.4316666666666666
20,7.5,1.0,0.5486666666666667
20,12.5,1.0,0.843
20,5.0,2.0,0.634
20,10.0,3.0,0.5456666666666666
20,12.5,0.5,1.3373333333333335
20,10.0,1.0,0.674
20,20.0,1.0,1.9693333333333334
20,7.5,1.0,0.5486666666666667
20,2.5,1.0,0.7166666666666667
20,20.0,3.0,1.3630000000000002
20,2.5,3.0,0.38566666666666666
20,15.0,1.0,1.0803333333333334
20,10.0,0.5,1.1315
20,7.5,3.0,0.519
20,15.0,0.5,1.8010000000000002
20,17.5,0.5,2.4316666666666666
20,10.0,1.0,0.674
20,7.5,3.0,0.519
20,15.0,3.0,0.8653333333333334
20,2.5,3.0,0.38566666666666666
20,15.0,1.5,0.9576666666666668
20,20.0,2.0,1.6383333333333334
20,20.0,3.0,1.3630000000000002
20,15.0,1.0,1.0803333333333334
20,5.0,1.0,0.44133333333333336
20,15.0,2.0,0.9396666666666667
20,12.5,0.5,1.3373333333333335
20,17.5,1.0,1.454
20,15.0,2.0,0.9396666666666667
20,15.0,1.0,1.0803333333333334
20,2.5,1.0,0.7166666666666667
20,7.5,0.5,0.9526666666666667
20,10.0,2.0,0.629
20,2.5,0.5,1.287
20,5.0,1.0,0.44133333333333336
20,7.5,0.5,0.9526666666666667
20,5.0,3.0,0.44799999999999995
20,17.5,1.0,1.454
20,10.0,1.0,0.674
20,5.0,1.5,0.5725
20,7.5,3.0,0.519
20,20.0,3.0,1.3630000000000002
20,5.0,0.5,0.8226666666666667
20,7.5,0.5,0.9526666666666667
20,12.5,0.5,1.3373333333333335
20,17.5,0.5,2.4316666666666666
20,12.5,0.5,1.3373333333333335
20,5.0,0.5,0.8226666666666667
20,7.5,1.0,0.5486666666666667
20,17.5,0.5,2.4316666666666666
20,10.0,3.0,0.5456666666666666
20,17.5,0.5,2.4316666666666666
20,7.5,1.0,0.5486666666666667
20,10.0,3.0,0.5456666666666666
20,10.0,1.0,0.674
20,12.5,1.0,0.843
20,17.5,1.0,1.454
20,7.5,3.0,0.519
20,20.0,3.0,1.3630000000000002
20,15.0,1.0,1.0803333333333334
20,2.5,1.0,0.7166666666666667
20,15.0,1.5,0.9576666666666668
20,20.0,1.0,1.9693333333333334
20,12.5,1.0,0.843
20,12.5,1.0,0.843
20,10.0,3.0,0.5456666666666666
20,15.0,0.5,1.8010000000000002
20,5.0,3.0,0.44799999999999995
20,10.0,0.5,1.1315
20,7.5,1.0,0.5486666666666667
20,10.0,1.0,0.674
20,20.0,1.0,1.9693333333333334
20,15.0,1.0,1.0803333333333334
20,15.0,3.0,0.8653333333333334
20,15.0,3.0,0.8653333333333334
20,10.0,2.0,0.629
20,5.0,1.5,0.5725
20,20.0,3.0,1.3630000000000002
20,20.0,1.5,1.5523333333333333
20,15.0,1.5,0.9576666666666668
20,17.5,0.5,2.4316666666666666
20,15.0,0.5,1.8010000000000002
20,15.0,3.0,0.8653333333333334
20,2.5,3.0,0.38566666666666666
20,20.0,2.0,1.6383333333333334
20,17.5,1.0,1.454
20,2.5,3.0,0.38566666666666666
20,10.0,1.5,0.634
20,10.0,3.0,0.5456666666666666
20,2.5,1.0,0.7166666666666667
20,7.5,0.5,0.9526666666666667
20,5.0,0.5,0.8226666666666667
20,15.0,1.5,0.9576666666666668
20,5.0,1.0,0.44133333333333336
20,15.0,2.0,0.9396666666666667
20,7.5,3.0,0.519
20,5.0,1.0,0.44133333333333336
20,7.5,0.5,0.9526666666666667
20,2.5,0.5,1.287
20,5.0,1.0,0.44133333333333336
20,10.0,1.0,0.674
20,7.5,1.0,0.5486666666666667
20,15.0,3.0,0.8653333333333334
20,5.0,2.0,0.634
20,10.0,3.0,0.5456666666666666
20,20.0,1.0,1.9693333333333334
20,20.0,2.0,1.6383333333333334
20,15.0,1.0,1.0803333333333334
20,20.0,1.0,1.9693333333333334
20,15.0,0.5,1.8010000000000002
20,12.5,1.0,0.843
20,15.0,1.5,0.9576666666666668
20,2.5,0.5,1.287
20,5.0,0.5,0.8226666666666667
20,5.0,3.0,0.44799999999999995
20,7.5,0.5,0.9526666666666667
20,10.0,1.0,0.674
20,10.0,0.5,1.1315
20,12.5,0.5,1.3373333333333335
20,5.0,0.5,0.8226666666666667
20,17.5,1.0,1.454
20,5.0,1.5,0.5725
20,20.0,2.0,1.6383333333333334
20,2.5,1.0,0.7166666666666667
20,15.0,0.5,1.8010000000000002
20,2.5,0.5,1.287
20,2.5,3.0,0.38566666666666666
20,5.0,3.0,0.44799999999999995
20,7.5,0.5,0.9526666666666667
20,20.0,3.0,1.3630000000000002
20,15.0,0.5,1.8010000000000002
20,20.0,3.0,1.3630000000000002
20,15.0,3.0,0.8653333333333334
20,12.5,0.5,1.3373333333333335
20,15.0,3.0,0.8653333333333334
20,12.5,0.5,1.3373333333333335
20,5.0,0.5,0.8226666666666667
20,15.0,3.0,0.8653333333333334
20,12.5,1.0,0.843
20,17.5,0.5,2.4316666666666666
20,7.5,3.0,0.519
20,15.0,2.0,0.9396666666666667
20,7.5,3.0,0.519
20,20.0,1.5,1.5523333333333333
20,17.5,1.0,1.454
20,10.0,1.0,0.674
20,10.0,1.0,0.674
20,2.5,1.0,0.7166666666666667
20,20.0,3.0,1.3630000000000002
20,2.5,1.0,0.7166666666666667
20,12.5,1.0,0.843
20,10.0,1.0,0.674
20,12.5,1.0,0.843
20,2.5,3.0,0.38566666666666666
20,20.0,2.0,1.6383333333333334
20,5.0,0.5,0.8226666666666667
20,12.5,1.0,0.843
20,15.0,3.0,0.8653333333333334
20,2.5,1.0,0.7166666666666667
20,20.0,1.0,1.9693333333333334
20,5.0,0.5,0.8226666666666667
20,2.5,0.5,1.287
20,5.0,3.0,0.44799999999999995
20,10.0,1.0,0.674
20,20.0,3.0,1.3630000000000002
20,17.5,1.0,1.454
20,5.0,1.0,0.44133333333333336
20,5.0,2.0,0.634
20,20.0,1.5,1.5523333333333333
20,10.0,2.0,0.629
20,20.0,1.0,1.9693333333333334
20,5.0,0.5,0.8226666666666667
20,5.0,1.0,0.44133333333333336
20,17.5,1.0,1.454
20,15.0,0.5,1.8010000000000002
20,5.0,3.0,0.44799999999999995
20,5.0,0.5,0.8226666666666667
20,15.0,1.0,1.0803333333333334
20,7.5,0.5,0.9526666666666667
20,7.5,0.5,0.9526666666666667
20,17.5,1.0,1.454
20,15.0,1.0,1.0803333333333334
20,15.0,1.5,0.9576666666666668
20,7.5,1.0,0.5486666666666667
20,10.0,0.5,1.1315
20,12.5,0.5,1.3373333333333335
20,17.5,0.5,2.4316666666666666
20,2.5,0.5,1.287
20,5.0,3.0,0.44799999999999995
20,7.5,1.0,0.5486666666666667
20,17.5,0.5,2.4316666666666666
20,15.0,1.5,0.9576666666666668
20,10.0,1.5,0.634
20,12.5,1.0,0.843
20,10.0,1.0,0.674
20,10.0,2.0,0.629
20,17.5,1.0,1.454
20,20.0,1.0,1.9693333333333334
20,10.0,0.5,1.1315
20,5.0,2.0,0.634
20,2.5,1.0,0.7166666666666667
20,17.5,0.5,2.4316666666666666
20,10.0,1.5,0.634
20,20.0,1.5,1.5523333333333333
20,12.5,1.0,0.843
20,5.0,2.0,0.634
20,12.5,0.5,1.3373333333333335
20,15.0,0.5,1.8010000000000002
20,7.5,3.0,0.519
20,2.5,3.0,0.38566666666666666
20,2.5,3.0,0.38566666666666666
20,17.5,1.0,1.454
20,2.5,1.0,0.7166666666666667
20,2.5,0.5,1.287
20,7.5,0.5,0.9526666666666667
20,7.5,3.0,0.519
20,15.0,0.5,1.8010000000000002
20,20.0,1.5,1.5523333333333333
20,2.5,1.0,0.7166666666666667
20,2.5,3.0,0.38566666666666666
20,12.5,0.5,1.3373333333333335
20,10.0,3.0,0.5456666666666666
20,20.0,2.0,1.6383333333333334
20,2.5,0.5,1.287
20,2.5,1.0,0.7166666666666667
20,20.0,1.0,1.9693333333333334
20,7.5,1.0,0.5486666666666667
20,7.5,0.5,0.9526666666666667
20,2.5,1.0,0.7166666666666667
20,12.5,0.5,1.3373333333333335
20,10.0,0.5,1.1315
20,2.5,0.5,1.287
20,20.0,1.0,1.9693333333333334
20,5.0,1.0,0.44133333333333336
20,2.5,3.0,0.38566666666666666
20,7.5,1.0,0.5486666666666667
20,10.0,2.0,0.629
20,5.0,1.0,0.44133333333333336
20,2.5,0.5,1.287
20,10.0,0.5,1.1315
30,15.0,2.5,0.9576666666666668
30,2.5,1.0,0.63
30,15.0,1.0,1.1573333333333335
30,12.5,0.5,1.7403333333333333
30,2.5,1.0,0.63
30,17.5,2.5,1.1126666666666665
30,15.0,0.5,2.029
30,10.0,1.5,0.7006666666666668
30,2.5,1.5,0.8033333333333333
30,20.0,2.5,1.3065
30,5.0,0.5,1.1675
30,15.0,1.0,1.1573333333333335
30,20.0,1.5,1.4116666666666668
30,2.5,2.5,0.5982
30,5.0,2.5,0.6084
30,17.5,0.5,2.6945
30,17.5,2.5,1.1126666666666665
30,10.0,2.0,0.652
30,10.0,2.0,0.652
30,10.0,1.5,0.7006666666666668
30,2.5,2.5,0.5982
30,2.5,2.5,0.5982
30,15.0,1.0,1.1573333333333335
30,20.0,2.5,1.3065
30,10.0,2.5,0.6895000000000001
30,10.0,2.5,0.6895000000000001
30,5.0,0.5,1.1675
30,17.5,2.5,1.1126666666666665
30,5.0,3.0,0.48300000000000004
30,2.5,3.0,0.465
30,12.5,2.5,0.8405
30,20.0,2.0,1.247
30,17.5,2.5,1.1126666666666665
30,17.5,2.5,1.1126666666666665
30,5.0,2.5,0.6084
30,10.0,2.5,0.6895000000000001
30,15.0,1.0,1.1573333333333335
30,7.5,2.5,0.6786666666666666
30,2.5,2.5,0.5982
30,5.0,2.5,0.6084
30,2.5,0.5,1.0883333333333334
30,7.5,0.5,1.3143333333333336
30,15.0,1.0,1.1573333333333335
30,10.0,2.5,0.6895000000000001
30,5.0,0.5,1.1675
30,12.5,2.5,0.8405
30,10.0,1.0,1.0153333333333334
30,10.0,1.0,1.0153333333333334
30,15.0,2.5,0.9576666666666668
30,17.5,0.5,2.6945
30,20.0,2.5,1.3065
30,17.5,0.5,2.6945
30,10.0,3.0,0.5976666666666667
30,10.0,2.5,0.6895000000000001
30,10.0,2.5,0.6895000000000001
30,7.5,2.5,0.6786666666666666
30,20.0,2.5,1.3065
30,2.5,1.0,0.63
30,2.5,3.0,0.465
30,2.5,3.0,0.465
30,5.0,2.0,0.4963333333333333
30,2.5,1.5,0.8033333333333333
30,15.0,2.5,0.9576666666666668
30,5.0,2.5,0.6084
30,7.5,0.5,1.3143333333333336
30,7.5,0.5,1.3143333333333336
30,17.5,2.5,1.1126666666666665
30,12.5,2.5,0.8405
30,5.0,2.0,0.4963333333333333
30,5.0,3.0,0.48300000000000004
30,10.0,2.5,0.6895000000000001
30,7.5,0.5,1.3143333333333336
30,10.0,0.5,1.5273333333333332
30,5.0,2.5,0.6084
30,5.0,0.5,1.1675
30,15.0,1.0,1.1573333333333335
30,15.0,2.0,0.8876666666666666
30,2.5,0.5,1.0883333333333334
30,20.0,2.5,1.3065
30,12.5,0.5,1.7403333333333333
30,2.5,3.0,0.465
30,5.0,3.0,0.48300000000000004
30,15.0,2.5,0.9576666666666668
30,15.0,3.0,0.7720000000000001
30,12.5,0.5,1.7403333333333333
30,15.0,2.5,0.9576666666666668
30,17.5,2.5,1.1126666666666665
30,2.5,2.5,0.5982
30,2.5,0.5,1.0883333333333334
30,15.0,2.5,0.9576666666666668
30,12.5,0.5,1.7403333333333333
30,15.0,2.5,0.9576666666666668
30,12.5,2.5,0.8405
30,10.0,1.5,0.7006666666666668
30,5.0,2.5,0.6084
30,15.0,2.5,0.9576666666666668
30,20.0,2.5,1.3065
30,12.5,2.5,0.8405
30,10.0,2.5,0.6895000000000001
30,5.0,0.5,1.1675
30,17.5,2.5,1.1126666666666665
30,2.5,0.5,1.0883333333333334
30,5.0,1.5,0.6476666666666667
30,2.5,0.5,1.0883333333333334
30,5.0,0.5,1.1675
30,10.0,0.5,1.5273333333333332
30,20.0,3.0,1.10025
30,17.5,2.5,1.1126666666666665
30,10.0,0.5,1.5273333333333332
30,7.5,2.5,0.6786666666666666
30,2.5,2.5,0.5982
30,10.0,3.0,0.5976666666666667
30,5.0,2.5,0.6084
30,7.5,2.5,0.6786666666666666
30,17.5,0.5,2.6945
30,20.0,1.0,1.7586666666666666
30,15.0,0.5,2.029
30,5.0,2.5,0.6084
30,5.0,0.5,1.1675
30,10.0,1.5,0.7006666666666668
30,20.0,2.0,1.247
30,10.0,3.0,0.5976666666666667
30,7.5,2.5,0.6786666666666666
30,15.0,0.5,2.029
30,12.5,2.5,0.8405
30,20.0,2.0,1.247
30,7.5,2.5,0.6786666666666666
30,5.0,3.0,0.48300000000000004
30,17.5,0.5,2.6945
30,20.0,2.0,1.247
30,10.0,0.5,1.5273333333333332
30,2.5,1.0,0.63
30,20.0,2.5,1.3065
30,10.0,2.5,0.6895000000000001
30,2.5,0.5,1.0883333333333334
30,20.0,1.0,1.7586666666666666
30,10.0,2.0,0.652
30,10.0,0.5,1.5273333333333332
30,5.0,2.5,0.6084
30,15.0,1.5,1.1096666666666666
30,5.0,3.0,0.48300000000000004
30,20.0,2.0,1.247
30,12.5,0.5,1.7403333333333333
30,10.0,2.0,0.652
30,17.5,2.5,1.1126666666666665
30,5.0,0.5,1.1675
30,20.0,1.0,1.7586666666666666
30,10.0,2.5,0.6895000000000001
30,5.0,1.5,0.6476666666666667
30,12.5,2.5,0.8405
30,12.5,0.5,1.7403333333333333
30,10.0,2.5,0.6895000000000001
30,10.0,2.5,0.6895000000000001
30,5.0,3.0,0.48300000000000004
30,7.5,2.5,0.6786666666666666
30,20.0,2.5,1.3065
30,12.5,2.5,0.8405
30,12.5,2.5,0.8405
30,5.0,3.0,0.48300000000000004
30,15.0,0.5,2.029
30,15.0,2.5,0.9576666666666668
30,2.5,2.5,0.5982
30,5.0,1.0,0.851
30,2.5,2.5,0.5982
30,15.0,0.5,2.029
30,15.0,2.5,0.9576666666666668
30,15.0,1.5,1.1096666666666666
30,15.0,0.5,2.029
30,2.5,2.5,0.5982
30,15.0,2.0,0.8876666666666666
30,12.5,0.5,1.7403333333333333
30,10.0,3.0,0.5976666666666667
30,2.5,2.5,0.5982
30,17.5,2.5,1.1126666666666665
30,20.0,1.5,1.4116666666666668
30,2.5,2.5,0.5982
30,20.0,1.5,1.4116666666666668
30,12.5,0.5,1.7403333333333333
30,12.5,2.5,0.8405
30,15.0,3.0,0.7720000000000001
30,2.5,3.0,0.465
30,17.5,0.5,2.6945
30,7.5,0.5,1.3143333333333336
30,2.5,2.5,0.5982
30,2.5,2.5,0.5982
30,2.5,2.5,0.5982
30,10.0,0.5,1.5273333333333332
30,12.5,2.5,0.8405
30,17.5,0.5,2.6945
30,2.5,2.5,0.5982
30,2.5,3.0,0.465
30,20.0,1.0,1.7586666666666666
30,7.5,2.5,0.6786666666666666
30,12.5,0.5,1.7403333333333333
30,20.0,1.5,1.4116666666666668
30,2.5,1.0,0.63
30,15.0,3.0,0.7720000000000001
30,5.0,1.5,0.6476666666666667
30,10.0,2.5,0.6895000000000001
30,17.5,2.5,1.1126666666666665
30,15.0,0.5,2.029
30,15.0,2.5,0.9576666666666668
30,15.0,2.5,0.9576666666666668
30,5.0,3.0,0.48300000000000004
30,12.5,2.5,0.8405
30,10.0,1.5,0.7006666666666668
30,10.0,1.5,0.7006666666666668
30,17.5,2.5,1.1126666666666665
30,15.0,2.5,0.9576666666666668
30,5.0,2.5,0.6084
30,17.5,0.5,2.6945
30,7.5,0.5,1.3143333333333336
30,5.0,1.0,0.851
30,15.0,2.5,0.9576666666666668
30,20.0,1.5,1.4116666666666668
30,15.0,2.0,0.8876666666666666
30,15.0,2.5,0.9576666666666668
30,2.5,1.5,0.8033333333333333
30,12.5,2.5,0.8405
30,7.5,2.5,0.6786666666666666
30,10.0,2.5,0.6895000000000001
30,15.0,2.5,0.9576666666666668
30,15.0,2.0,0.8876666666666666
30,15.0,0.5,2.029
30,5.0,2.5,0.6084
30,20.0,2.5,1.3065
30,20.0,3.0,1.10025
30,5.0,2.0,0.4963333333333333
30,15.0,1.0,1.1573333333333335
30,15.0,1.0,1.1573333333333335
30,20.0,1.0,1.7586666666666666
30,10.0,2.5,0.6895000000000001
30,10.0,0.5,1.5273333333333332
30,20.0,1.5,1.4116666666666668
30,5.0,2.0,0.4963333333333333
30,12.5,2.5,0.8405
30,20.0,2.5,1.3065
30,12.5,0.5,1.7403333333333333
30,5.0,2.5,0.6084
30,20.0,2.0,1.247
30,15.0,2.0,0.8876666666666666
30,20.0,2.5,1.3065
30,20.0,3.0,1.10025
30,2.5,3.0,0.465
30,20.0,1.5,1.4116666666666668
30,5.0,1.0,0.851
30,10.0,2.0,0.652
30,5.0,2.5,0.6084
30,7.5,0.5,1.3143333333333336
30,17.5,0.5,2.6945
30,5.0,0.5,1.1675
30,10.0,1.0,1.0153333333333334
30,5.0,1.5,0.6476666666666667
30,10.0,3.0,0.5976666666666667
30,20.0,2.5,1.3065
30,20.0,2.5,1.3065
30,5.0,2.5,0.6084
30,7.5,0.5,1.3143333333333336
30,7.5,2.5,0.6786666666666666
30,12.5,2.5,0.8405
30,20.0,3.0,1.10025
30,5.0,3.0,0.48300000000000004
30,10.0,3.0,0.5976666666666667
30,2.5,1.0,0.63
30,20.0,2.5,1.3065
30,20.0,1.5,1.4116666666666668
30,2.5,0.5,1.0883333333333334
30,15.0,1.5,1.1096666666666666
30,2.5,2.5,0.5982
30,2.5,2.5,0.5982
30,20.0,2.0,1.247
30,15.0,2.5,0.9576666666666668
30,7.5,2.5,0.6786666666666666
30,2.5,0.5,1.0883333333333334
30,17.5,2.5,1.1126666666666665
30,2.5,3.0,0.465
30,15.0,1.5,1.1096666666666666
30,5.0,2.5,0.6084
30,12.5,0.5,1.7403333333333333
30,12.5,2.5,0.8405
30,10.0,1.0,1.0153333333333334
30,10.0,2.5,0.6895000000000001
30,15.0,2.5,0.9576666666666668
30,2.5,2.5,0.5982
30,10.0,1.0,1.0153333333333334
30,10.0,2.0,0.652
30,2.5,2.5,0.5982
30,2.5,2.5,0.5982
30,20.0,1.5,1.4116666666666668
30,15.0,3.0,0.7720000000000001
30,12.5,2.5,0.8405
30,17.5,2.5,1.1126666666666665
30,5.0,1.5,0.6476666666666667
30,10.0,2.5,0.6895000000000001
30,5.0,1.5,0.6476666666666667
30,5.0,1.0,0.851
30,10.0,1.5,0.7006666666666668
30,2.5,1.5,0.8033333333333333
30,5.0,2.5,0.6084
30,5.0,2.5,0.6084
30,10.0,2.0,0.652
30,2.5,2.5,0.5982
30,20.0,2.5,1.3065
30,5.0,3.0,0.48300000000000004
30,7.5,0.5,1.3143333333333336
30,5.0,2.0,0.4963333333333333
30,12.5,0.5,1.7403333333333333
30,20.0,1.5,1.4116666666666668
30,10.0,1.5,0.7006666666666668
30,20.0,1.0,1.7586666666666666
30,17.5,0.5,2.6945
30,2.5,2.5,0.5982
30,15.0,3.0,0.7720000000000001
30,17.5,2.5,1.1126666666666665
30,10.0,0.5,1.5273333333333332
30,20.0,3.0,1.10025
30,20.0,3.0,1.10025
30,20.0,2.0,1.247
30,5.0,2.5,0.6084
30,5.0,2.5,0.6084
30,10.0,1.5,0.7006666666666668
30,7.5,2.5,0.6786666666666666
30,20.0,2.0,1.247
30,20.0,2.5,1.3065
30,7.5,2.5,0.6786666666666666
30,5.0,3.0,0.48300000000000004
30,10.0,2.5,0.6895000000000001
30,5.0,1.0,0.851
30,20.0,1.5,1.4116666666666668
30,7.5,2.5,0.6786666666666666
30,2.5,3.0,0.465
30,15.0,3.0,0.7720000000000001
30,2.5,1.5,0.8033333333333333
30,2.5,1.5,0.8033333333333333
30,20.0,1.0,1.7586666666666666
30,5.0,2.0,0.4963333333333333
30,10.0,2.0,0.652
30,20.0,3.0,1.10025
30,15.0,0.5,2.029
30,17.5,2.5,1.1126666666666665
30,10.0,0.5,1.5273333333333332
30,5.0,1.0,0.851
30,20.0,2.5,1.3065
30,10.0,2.5,0.6895000000000001
30,10.0,1.0,1.0153333333333334
30,10.0,2.5,0.6895000000000001
30,15.0,2.5,0.9576666666666668
30,2.5,2.5,0.5982
30,12.5,2.5,0.8405
30,10.0,3.0,0.5976666666666667
30,20.0,2.0,1.247
30,10.0,1.0,1.0153333333333334
30,5.0,2.5,0.6084
30,5.0,2.5,0.6084
30,15.0,3.0,0.7720000000000001
30,15.0,2.5,0.9576666666666668
30,20.0,2.5,1.3065
30,17.5,2.5,1.1126666666666665
30,20.0,1.5,1.4116666666666668
30,15.0,2.5,0.9576666666666668
30,10.0,3.0,0.5976666666666667
30,15.0,2.5,0.9576666666666668
30,15.0,2.5,0.9576666666666668
30,15.0,2.5,0.9576666666666668
30,15.0,0.5,2.029
30,7.5,0.5,1.3143333333333336
30,2.5,2.5,0.5982
30,2.5,1.0,0.63
30,10.0,0.5,1.5273333333333332
30,5.0,1.0,0.851
30,17.5,2.5,1.1126666666666665
30,5.0,1.0,0.851
30,15.0,1.0,1.1573333333333335
30,10.0,0.5,1.5273333333333332
30,5.0,2.5,0.6084
30,15.0,0.5,2.029
30,10.0,1.0,1.0153333333333334
30,20.0,1.5,1.4116666666666668
30,7.5,2.5,0.6786666666666666
30,7.5,2.5,0.6786666666666666
30,2.5,2.5,0.5982
30,5.0,1.0,0.851
30,5.0,0.5,1.1675
30,15.0,1.5,1.1096666666666666
30,10.0,2.0,0.652
30,7.5,2.5,0.6786666666666666
30,15.0,0.5,2.029
30,12.5,0.5,1.7403333333333333
30,10.0,2.5,0.6895000000000001
30,2.5,1.5,0.8033333333333333
30,20.0,2.5,1.3065
30,20.0,2.5,1.3065
30,15.0,1.5,1.1096666666666666
30,7.5,2.5,0.6786666666666666
30,2.5,2.5,0.5982
30,10.0,2.0,0.652
30,10.0,2.5,0.6895000000000001
30,20.0,3.0,1.10025
30,10.0,2.5,0.6895000000000001
30,20.0,2.5,1.3065
30,15.0,1.5,1.1096666666666666
30,12.5,2.5,0.8405
30,20.0,1.0,1.7586666666666666
30,5.0,1.5,0.6476666666666667
30,5.0,2.0,0.4963333333333333
30,20.0,2.5,1.3065
30,2.5,2.5,0.5982
30,5.0,0.5,1.1675
30,5.0,2.5,0.6084
30,15.0,1.0,1.1573333333333335
30,7.5,2.5,0.6786666666666666
30,17.5,0.5,2.6945
30,12.5,2.5,0.8405
30,10.0,0.5,1.5273333333333332
30,7.5,2.5,0.6786666666666666
30,5.0,1.0,0.851
30,5.0,2.5,0.6084
30,2.5,0.5,1.0883333333333334
30,20.0,1.0,1.7586666666666666
30,17.5,0.5,2.6945
30,20.0,3.0,1.10025
30,5.0,2.5,0.6084
30,15.0,3.0,0.7720000000000001
30,5.0,1.5,0.6476666666666667
30,5.0,2.5,0.6084
30,17.5,2.5,1.1126666666666665
30,12.5,2.5,0.8405
30,7.5,2.5,0.6786666666666666
30,15.0,2.5,0.9576666666666668
30,17.5,0.5,2.6945
30,5.0,2.5,0.6084
30,10.0,0.5,1.5273333333333332
30,12.5,0.5,1.7403333333333333
30,2.5,2.5,0.5982
30,2.5,1.0,0.63
30,15.0,2.5,0.9576666666666668
30,15.0,0.5,2.029
30,2.5,1.0,0.63
30,2.5,1.5,0.8033333333333333
30,20.0,2.5,1.3065
30,17.5,0.5,2.6945
30,5.0,2.5,0.6084
30,2.5,1.5,0.8033333333333333
30,2.5,0.5,1.0883333333333334
30,20.0,2.5,1.3065
30,17.5,0.5,2.6945
30,15.0,2.5,0.9576666666666668
30,7.5,2.5,0.6786666666666666
30,5.0,1.5,0.6476666666666667
30,17.5,2.5,1.1126666666666665
30,5.0,3.0,0.48300000000000004
30,15.0,1.5,1.1096666666666666
30,10.0,2.5,0.6895000000000001
30,15.0,2.0,0.8876666666666666
30,12.5,2.5,0.8405
30,20.0,1.5,1.4116666666666668
30,5.0,2.5,0.6084
30,5.0,2.0,0.4963333333333333
30,2.5,3.0,0.465
30,7.5,2.5,0.6786666666666666
30,5.0,2.5,0.6084
30,15.0,1.0,1.1573333333333335
30,20.0,3.0,1.10025
30,2.5,1.5,0.8033333333333333
30,20.0,2.5,1.3065
30,15.0,1.5,1.1096666666666666
30,2.5,2.5,0.5982
30,5.0,3.0,0.48300000000000004
30,15.0,3.0,0.7720000000000001
30,2.5,3.0,0.465
30,10.0,1.0,1.0153333333333334
30,5.0,1.5,0.6476666666666667
30,15.0,1.5,1.1096666666666666
30,12.5,0.5,1.7403333333333333
30,5.0,3.0,0.48300000000000004
30,5.0,2.5,0.6084
30,12.5,2.5,0.8405
30,2.5,2.5,0.5982
30,2.5,1.0,0.63
30,2.5,3.0,0.465
30,15.0,2.0,0.8876666666666666
30,15.0,1.0,1.1573333333333335
30,15.0,2.0,0.8876666666666666
30,17.5,2.5,1.1126666666666665
30,7.5,2.5,0.6786666666666666
30,15.0,2.0,0.8876666666666666
30,20.0,3.0,1.10025
30,12.5,0.5,1.7403333333333333
30,5.0,3.0,0.48300000000000004
30,10.0,0.5,1.5273333333333332
30,2.5,1.0,0.63
30,20.0,3.0,1.10025
30,12.5,2.5,0.8405
30,10.0,2.5,0.6895000000000001
30,20.0,1.5,1.4116666666666668
30,5.0,1.5,0.6476666666666667
30,15.0,2.5,0.9576666666666668
30,15.0,2.5,0.9576666666666668
30,7.5,2.5,0.6786666666666666
30,15.0,2.0,0.8876666666666666
30,12.5,2.5,0.8405
30,10.0,2.5,0.6895000000000001
30,15.0,2.5,0.9576666666666668
30,5.0,3.0,0.48300000000000004
30,7.5,2.5,0.6786666666666666
30,2.5,2.5,0.5982
30,20.0,2.0,1.247
30,10.0,2.5,0.6895000000000001
30,20.0,1.0,1.7586666666666666
30,5.0,0.5,1.1675
30,15.0,3.0,0.7720000000000001
30,10.0,0.5,1.5273333333333332
30,10.0,3.0,0.5976666666666667
30,12.5,2.5,0.8405
30,5.0,1.5,0.6476666666666667
30,20.0,2.5,1.3065
30,20.0,2.5,1.3065
30,17.5,2.5,1.1126666666666665
30,2.5,0.5,1.0883333333333334
30,10.0,2.5,0.6895000000000001
30,15.0,3.0,0.7720000000000001
30,20.0,2.5,1.3065
30,12.5,2.5,0.8405
30,7.5,2.5,0.6786666666666666
30,5.0,1.0,0.851
30,10.0,3.0,0.5976666666666667
30,7.5,2.5,0.6786666666666666
30,20.0,1.0,1.7586666666666666
30,15.0,2.5,0.9576666666666668
30,2.5,1.0,0.63
30,20.0,1.0,1.7586666666666666
30,10.0,3.0,0.5976666666666667
30,20.0,2.5,1.3065
30,5.0,0.5,1.1675
30,2.5,2.5,0.5982
30,15.0,2.0,0.8876666666666666
30,7.5,0.5,1.3143333333333336
30,15.0,3.0,0.7720000000000001
30,5.0,0.5,1.1675
30,20.0,2.5,1.3065
30,17.5,2.5,1.1126666666666665
30,2.5,0.5,1.0883333333333334
30,10.0,3.0,0.5976666666666667
30,7.5,0.5,1.3143333333333336
30,12.5,2.5,0.8405
30,15.0,1.0,1.1573333333333335
30,10.0,1.5,0.7006666666666668
30,12.5,0.5,1.7403333333333333
30,5.0,2.0,0.4963333333333333
30,15.0,3.0,0.7720000000000001
30,10.0,2.5,0.6895000000000001
30,15.0,3.0,0.7720000000000001
30,12.5,0.5,1.7403333333333333
30,15.0,1.0,1.1573333333333335
30,15.0,2.5,0.9576666666666668
30,5.0,1.5,0.6476666666666667
30,7.5,0.5,1.3143333333333336
30,10.0,1.0,1.0153333333333334
30,15.0,0.5,2.029
30,10.0,3.0,0.5976666666666667
30,20.0,1.0,1.7586666666666666
30,5.0,2.5,0.6084
30,15.0,2.5,0.9576666666666668
30,5.0,2.5,0.6084
30,5.0,1.0,0.851
30,10.0,2.0,0.652
30,10.0,1.0,1.0153333333333334
30,15.0,2.5,0.9576666666666668
30,7.5,0.5,1.3143333333333336
30,15.0,1.5,1.1096666666666666
30,5.0,2.0,0.4963333333333333
30,17.5,2.5,1.1126666666666665
30,12.5,2.5,0.8405
30,15.0,1.5,1.1096666666666666
30,2.5,3.0,0.465
30,15.0,1.5,1.1096666666666666
30,7.5,2.5,0.6786666666666666
30,7.5,2.5,0.6786666666666666
30,10.0,1.5,0.7006666666666668
30,10.0,2.0,0.652
30,10.0,2.5,0.6895000000000001
30,2.5,0.5,1.0883333333333334
30,2.5,2.5,0.5982
30,12.5,2.5,0.8405
30,7.5,2.5,0.6786666666666666
30,10.0,1.5,0.7006666666666668
30,20.0,2.0,1.247
30,20.0,3.0,1.10025
30,10.0,3.0,0.5976666666666667
30,10.0,3.0,0.5976666666666667
30,5.0,2.5,0.6084
30,10.0,3.0,0.5976666666666667
30,7.5,0.5,1.3143333333333336
30,15.0,1.5,1.1096666666666666
30,10.0,2.5,0.6895000000000001
30,7.5,2.5,0.6786666666666666
30,10.0,2.5,0.6895000000000001
30,12.5,2.5,0.8405
30,7.5,2.5,0.6786666666666666
30,7.5,0.5,1.3143333333333336
30,5.0,1.5,0.6476666666666667
30,5.0,2.5,0.6084
30,7.5,2.5,0.6786666666666666
30,2.5,0.5,1.0883333333333334
30,17.5,0.5,2.6945
30,10.0,1.5,0.7006666666666668
30,2.5,1.5,0.8033333333333333
30,17.5,0.5,2.6945
30,17.5,2.5,1.1126666666666665
30,20.0,2.5,1.3065
30,12.5,2.5,0.8405
30,2.5,3.0,0.465
30,2.5,2.5,0.5982
30,20.0,2.5,1.3065
30,12.5,2.5,0.8405
30,12.5,2.5,0.8405
30,2.5,0.5,1.0883333333333334
30,20.0,2.5,1.3065
30,2.5,0.5,1.0883333333333334
30,15.0,1.5,1.1096666666666666
30,10.0,2.5,0.6895000000000001
30,5.0,1.0,0.851
30,20.0,3.0,1.10025
30,17.5,0.5,2.6945
30,5.0,0.5,1.1675
30,10.0,0.5,1.5273333333333332
30,17.5,2.5,1.1126666666666665
30,10.0,1.0,1.0153333333333334
30,2.5,2.5,0.5982
30,17.5,2.5,1.1126666666666665
30,5.0,0.5,1.1675
30,10.0,2.5,0.6895000000000001
30,10.0,1.5,0.7006666666666668
30,5.0,2.5,0.6084
30,17.5,2.5,1.1126666666666665
30,17.5,2.5,1.1126666666666665
30,17.5,2.5,1.1126666666666665
30,5.0,1.0,0.851
30,5.0,0.5,1.1675
30,10.0,1.0,1.0153333333333334
30,15.0,2.0,0.8876666666666666
30,20.0,1.0,1.7586666666666666
30,12.5,2.5,0.8405
30,17.5,0.5,2.6945
30,15.0,0.5,2.029
30,10.0,2.5,0.6895000000000001
30,2.5,1.0,0.63
30,12.5,2.5,0.8405
30,17.5,2.5,1.1126666666666665
30,15.0,0.5,2.029
30,20.0,3.0,1.10025
30,7.5,0.5,1.3143333333333336
30,15.0,3.0,0.7720000000000001
30,10.0,0.5,1.5273333333333332
30,7.5,0.5,1.3143333333333336
30,10.0,1.5,0.7006666666666668
30,5.0,1.5,0.6476666666666667
30,20.0,3.0,1.10025
30,7.5,2.5,0.6786666666666666
30,17.5,2.5,1.1126666666666665
30,10.0,2.5,0.6895000000000001
30,12.5,0.5,1.7403333333333333
30,5.0,2.0,0.4963333333333333
30,2.5,1.5,0.8033333333333333
30,7.5,0.5,1.3143333333333336
30,2.5,2.5,0.5982
30,5.0,0.5,1.1675
30,5.0,0.5,1.1675
30,2.5,1.5,0.8033333333333333
30,15.0,3.0,0.7720000000000001
30,20.0,2.5,1.3065
30,2.5,0.5,1.0883333333333334
30,7.5,2.5,0.6786666666666666
30,10.0,0.5,1.5273333333333332
30,15.0,0.5,2.029
30,15.0,0.5,2.029
30,17.5,2.5,1.1126666666666665
30,2.5,0.5,1.0883333333333334
30,5.0,2.0,0.4963333333333333
30,2.5,1.5,0.8033333333333333
30,10.0,0.5,1.5273333333333332
30,15.0,0.5,2.029
30,2.5,1.0,0.63
30,17.5,2.5,1.1126666666666665
30,20.0,2.5,1.3065
30,2.5,0.5,1.0883333333333334
30,17.5,2.5,1.1126666666666665
30,15.0,2.5,0.9576666666666668
30,10.0,1.0,1.0153333333333334
30,15.0,2.5,0.9576666666666668
30,20.0,2.5,1.3065
30,2.5,1.5,0.8033333333333333
30,2.5,3.0,0.465
30,2.5,3.0,0.465
40,20.0,2.0,1.484
40,15.0,3.0,0.8610000000000001
40,2.5,0.5,1.504888888888889
40,5.0,0.5,1.7057777777777778
40,20.0,2.0,1.484
40,5.0,1.5,0.771
40,5.0,2.0,0.6996666666666668
40,20.0,2.5,1.4066666666666665
40,20.0,1.5,1.8023333333333333
40,5.0,2.5,0.7173333333333334
40,20.0,0.5,3.5774444444444438
40,2.5,2.5,0.6575
40,5.0,0.5,1.7057777777777778
40,10.0,3.0,0.6819999999999999
40,15.0,1.5,1.2343333333333335
40,5.0,0.5,1.7057777777777778
40,20.0,0.5,3.5774444444444438
40,15.0,2.0,0.953
40,2.5,2.0,0.5974999999999999
40,10.0,0.5,2.0451111111111113
40,15.0,0.5,2.5271111111111115
40,15.0,0.5,2.5271111111111115
40,15.0,0.5,2.5271111111111115
40,15.0,3.0,0.8610000000000001
40,5.0,1.5,0.771
40,15.0,0.5,2.5271111111111115
40,5.0,3.0,0.601
40,5.0,1.5,0.771
40,10.0,2.5,0.983
40,15.0,2.5,1.131
40,20.0,1.5,1.8023333333333333
40,15.0,2.0,0.953
40,2.5,2.5,0.6575
40,20.0,2.0,1.484
40,2.5,0.5,1.504888888888889
40,20.0,0.5,3.5774444444444438
40,15.0,0.5,2.5271111111111115
40,5.0,0.5,1.7057777777777778
40,10.0,0.5,2.0451111111111113
40,10.0,0.5,2.0451111111111113
40,15.0,0.5,2.5271111111111115
40,20.0,0.5,3.5774444444444438
40,15.0,0.5,2.5271111111111115
40,15.0,0.5,2.5271111111111115
40,5.0,2.5,0.7173333333333334
40,10.0,3.0,0.6819999999999999
40,10.0,2.5,0.983
40,10.0,0.5,2.0451111111111113
40,10.0,2.0,0.7496666666666666
40,15.0,0.5,2.5271111111111115
40,20.0,2.0,1.484
40,2.5,2.0,0.5974999999999999
40,10.0,0.5,2.0451111111111113
40,2.5,0.5,1.504888888888889
40,2.5,2.5,0.6575
40,5.0,3.0,0.601
40,5.0,2.5,0.7173333333333334
40,15.0,0.5,2.5271111111111115
40,2.5,1.5,0.781
40,15.0,0.5,2.5271111111111115
40,20.0,3.0,1.103
40,20.0,1.5,1.8023333333333333
40,15.0,0.5,2.5271111111111115
40,5.0,1.5,0.771
40,10.0,2.5,0.983
40,20.0,3.0,1.103
40,15.0,3.0,0.8610000000000001
40,20.0,0.5,3.5774444444444438
40,2.5,3.0,0.509
40,2.5,0.5,1.504888888888889
40,5.0,0.5,1.7057777777777778
40,2.5,2.0,0.5974999999999999
40,2.5,2.0,0.5974999999999999
40,5.0,2.0,0.6996666666666668
40,10.0,2.0,0.7496666666666666
40,15.0,0.5,2.5271111111111115
40,10.0,0.5,2.0451111111111113
40,15.0,1.5,1.2343333333333335
40,5.0,0.5,1.7057777777777778
40,15.0,0.5,2.5271111111111115
40,15.0,3.0,0.8610000000000001
40,2.5,1.5,0.781
40,2.5,3.0,0.509
40,5.0,0.5,1.7057777777777778
40,20.0,2.5,1.4066666666666665
40,5.0,2.0,0.6996666666666668
40,2.5,2.5,0.6575
40,10.0,1.5,0.9276666666666666
40,10.0,0.5,2.0451111111111113
40,15.0,1.5,1.2343333333333335
40,2.5,1.5,0.781
40,15.0,0.5,2.5271111111111115
40,5.0,0.5,1.7057777777777778
40,15.0,2.5,1.131
40,2.5,0.5,1.504888888888889
40,10.0,0.5,2.0451111111111113
40,15.0,3.0,0.8610000000000001
40,10.0,1.5,0.9276666666666666
40,20.0,3.0,1.103
40,2.5,2.5,0.6575
40,20.0,1.5,1.8023333333333333
40,10.0,3.0,0.6819999999999999
40,5.0,3.0,0.601
40,2.5,2.5,0.6575
40,15.0,1.5,1.2343333333333335
40,15.0,2.5,1.131
40,20.0,2.5,1.4066666666666665
40,10.0,1.5,0.9276666666666666
40,5.0,2.5,0.7173333333333334
40,20.0,0.5,3.5774444444444438
40,20.0,2.5,1.4066666666666665
40,15.0,3.0,0.8610000000000001
40,2.5,3.0,0.509
40,15.0,0.5,2.5271111111111115
40,15.0,2.5,1.131
40,5.0,3.0,0.601
40,2.5,3.0,0.509
40,10.0,2.0,0.7496666666666666
40,15.0,0.5,2.5271111111111115
40,20.0,0.5,3.5774444444444438
40,15.0,2.0,0.953
40,10.0,2.5,0.983
40,5.0,2.5,0.7173333333333334
40,5.0,3.0,0.601
40,2.5,2.5,0.6575
40,2.5,2.0,0.5974999999999999
40,10.0,3.0,0.6819999999999999
40,20.0,2.0,1.484
40,15.0,1.5,1.2343333333333335
40,10.0,2.5,0.983
40,5.0,0.5,1.7057777777777778
40,20.0,2.5,1.4066666666666665
40,10.0,0.5,2.0451111111111113
40,10.0,0.5,2.0451111111111113
40,20.0,3.0,1.103
40,2.5,0.5,1.504888888888889
40,2.5,2.5,0.6575
40,20.0,0.5,3.5774444444444438
40,2.5,0.5,1.504888888888889
40,5.0,2.0,0.6996666666666668
40,10.0,0.5,2.0451111111111113
40,2.5,0.5,1.504888888888889
40,5.0,2.0,0.6996666666666668
40,15.0,2.5,1.131
40,2.5,0.5,1.504888888888889
40,10.0,3.0,0.6819999999999999
40,20.0,3.0,1.103
40,15.0,2.0,0.953
40,20.0,0.5,3.5774444444444438
40,10.0,2.0,0.7496666666666666
40,5.0,2.5,0.7173333333333334
40,5.0,0.5,1.7057777777777778
40,2.5,0.5,1.504888888888889
40,15.0,3.0,0.8610000000000001
40,20.0,1.5,1.8023333333333333
40,2.5,0.5,1.504888888888889
40,20.0,0.5,3.5774444444444438
40,20.0,1.5,1.8023333333333333
40,10.0,0.5,2.0451111111111113
40,10.0,0.5,2.0451111111111113
40,20.0,2.0,1.484
40,2.5,1.5,0.781
40,2.5,0.5,1.504888888888889
40,5.0,0.5,1.7057777777777778
40,15.0,3.0,0.8610000000000001
40,15.0,3.0,0.8610000000000001
40,15.0,2.5,1.131
40,2.5,2.0,0.5974999999999999
40,5.0,3.0,0.601
40,2.5,0.5,1.504888888888889
40,5.0,0.5,1.7057777777777778
40,10.0,0.5,2.0451111111111113
40,5.0,2.0,0.6996666666666668
40,10.0,0.5,2.0451111111111113
40,20.0,0.5,3.5774444444444438
40,20.0,2.0,1.484
40,5.0,2.5,0.7173333333333334
40,10.0,0.5,2.0451111111111113
40,20.0,2.5,1.4066666666666665
40,15.0,0.5,2.5271111111111115
40,15.0,0.5,2.5271111111111115
40,2.5,0.5,1.504888888888889
40,10.0,1.5,0.9276666666666666
40,10.0,0.5,2.0451111111111113
40,15.0,2.5,1.131
40,2.5,0.5,1.504888888888889
40,5.0,0.5,1.7057777777777778
40,10.0,0.5,2.0451111111111113
40,10.0,1.5,0.9276666666666666
40,10.0,0.5,2.0451111111111113
40,15.0,0.5,2.5271111111111115
40,20.0,0.5,3.5774444444444438
40,5.0,0.5,1.7057777777777778
40,2.5,0.5,1.504888888888889
40,5.0,0.5,1.7057777777777778
40,20.0,0.5,3.5774444444444438
40,5.0,2.5,0.7173333333333334
40,5.0,0.5,1.7057777777777778
40,10.0,2.5,0.983
40,20.0,3.0,1.103
40,2.5,1.5,0.781
40,10.0,0.5,2.0451111111111113
40,2.5,1.5,0.781
40,15.0,2.5,1.131
40,2.5,0.5,1.504888888888889
40,10.0,1.5,0.9276666666666666
40,10.0,0.5,2.0451111111111113
40,10.0,2.0,0.7496666666666666
40,5.0,0.5,1.7057777777777778
40,15.0,2.5,1.131
40,2.5,0.5,1.504888888888889
40,15.0,2.0,0.953
40,2.5,2.0,0.5974999999999999
40,20.0,0.5,3.5774444444444438
40,5.0,0.5,1.7057777777777778
40,20.0,0.5,3.5774444444444438
40,2.5,0.5,1.504888888888889
40,15.0,3.0,0.8610000000000001
40,2.5,1.5,0.781
40,5.0,0.5,1.7057777777777778
40,15.0,1.5,1.2343333333333335
40,5.0,0.5,1.7057777777777778
40,15.0,2.0,0.953
40,20.0,0.5,3.5774444444444438
40,2.5,2.0,0.5974999999999999
40,5.0,0.5,1.7057777777777778
40,20.0,0.5,3.5774444444444438
40,2.5,0.5,1.504888888888889
40,5.0,0.5,1.7057777777777778
40,5.0,3.0,0.601
40,5.0,2.5,0.7173333333333334
40,20.0,0.5,3.5774444444444438
40,10.0,2.0,0.7496666666666666
40,5.0,1.5,0.771
40,10.0,2.5,0.983
40,20.0,0.5,3.5774444444444438
40,5.0,2.0,0.6996666666666668
40,5.0,3.0,0.601
40,10.0,0.5,2.0451111111111113
40,10.0,2.5,0.983
40,20.0,0.5,3.5774444444444438
40,2.5,2.0,0.5974999999999999
40,5.0,2.5,0.7173333333333334
40,2.5,0.5,1.504888888888889
40,15.0,1.5,1.2343333333333335
40,2.5,2.0,0.5974999999999999
40,15.0,0.5,2.5271111111111115
40,15.0,0.5,2.5271111111111115
40,5.0,3.0,0.601
40,15.0,3.0,0.8610000000000001
40,20.0,3.0,1.103
40,15.0,0.5,2.5271111111111115
40,20.0,1.5,1.8023333333333333
40,20.0,0.5,3.5774444444444438
40,2.5,0.5,1.504888888888889
40,5.0,2.0,0.6996666666666668
40,10.0,2.5,0.983
40,5.0,2.0,0.6996666666666668
40,15.0,2.0,0.953
40,2.5,0.5,1.504888888888889
40,20.0,1.5,1.8023333333333333
40,20.0,0.5,3.5774444444444438
40,20.0,1.5,1.8023333333333333
40,10.0,0.5,2.0451111111111113
40,10.0,2.5,0.983
40,10.0,1.5,0.9276666666666666
40,5.0,0.5,1.7057777777777778
40,20.0,3.0,1.103
40,15.0,0.5,2.5271111111111115
40,5.0,0.5,1.7057777777777778
40,2.5,0.5,1.504888888888889
40,20.0,3.0,1.103
40,10.0,0.5,2.0451111111111113
40,5.0,1.5,0.771
40,5.0,2.5,0.7173333333333334
40,10.0,2.0,0.7496666666666666
40,10.0,2.0,0.7496666666666666
40,2.5,3.0,0.509
40,2.5,2.5,0.6575
40,20.0,2.5,1.4066666666666665
40,2.5,3.0,0.509
40,15.0,0.5,2.5271111111111115
40,5.0,0.5,1.7057777777777778
40,5.0,2.0,0.6996666666666668
40,2.5,2.0,0.5974999999999999
40,10.0,1.5,0.9276666666666666
40,15.0,3.0,0.8610000000000001
40,20.0,0.5,3.5774444444444438
40,15.0,2.0,0.953
40,10.0,2.0,0.7496666666666666
40,10.0,3.0,0.6819999999999999
40,15.0,3.0,0.8610000000000001
40,2.5,0.5,1.504888888888889
40,10.0,3.0,0.6819999999999999
40,10.0,3.0,0.6819999999999999
40,2.5,0.5,1.504888888888889
40,20.0,0.5,3.5774444444444438
40,2.5,3.0,0.509
40,10.0,0.5,2.0451111111111113
40,2.5,3.0,0.509
40,20.0,2.5,1.4066666666666665
40,2.5,2.5,0.6575
40,2.5,0.5,1.504888888888889
40,2.5,2.5,0.6575
40,15.0,2.0,0.953
40,15.0,2.5,1.131
40,2.5,2.5,0.6575
40,2.5,1.5,0.781
40,10.0,3.0,0.6819999999999999
40,10.0,2.5,0.983
40,5.0,3.0,0.601
40,2.5,1.5,0.781
40,10.0,0.5,2.0451111111111113
40,20.0,1.5,1.8023333333333333
40,10.0,2.0,0.7496666666666666
40,2.5,2.0,0.5974999999999999
40,20.0,2.0,1.484
40,15.0,0.5,2.5271111111111115
40,15.0,0.5,2.5271111111111115
40,15.0,0.5,2.5271111111111115
40,2.5,0.5,1.504888888888889
40,15.0,3.0,0.8610000000000001
40,10.0,0.5,2.0451111111111113
40,15.0,0.5,2.5271111111111115
40,20.0,2.5,1.4066666666666665
40,15.0,0.5,2.5271111111111115
40,5.0,2.0,0.6996666666666668
40,20.0,2.0,1.484
40,5.0,2.5,0.7173333333333334
40,2.5,0.5,1.504888888888889
40,10.0,3.0,0.6819999999999999
40,15.0,2.0,0.953
40,5.0,0.5,1.7057777777777778
40,10.0,1.5,0.9276666666666666
40,20.0,1.5,1.8023333333333333
40,5.0,0.5,1.7057777777777778
40,10.0,2.5,0.983
40,20.0,0.5,3.5774444444444438
40,15.0,0.5,2.5271111111111115
40,5.0,2.0,0.6996666666666668
40,2.5,0.5,1.504888888888889
40,15.0,0.5,2.5271111111111115
40,5.0,1.5,0.771
40,2.5,2.5,0.6575
40,20.0,2.0,1.484
40,10.0,0.5,2.0451111111111113
40,15.0,0.5,2.5271111111111115
40,10.0,1.5,0.9276666666666666
40,10.0,2.0,0.7496666666666666
40,5.0,1.5,0.771
40,15.0,2.5,1.131
40,15.0,2.5,1.131
40,5.0,0.5,1.7057777777777778
40,15.0,1.5,1.2343333333333335
40,20.0,1.5,1.8023333333333333
40,10.0,1.5,0.9276666666666666
40,5.0,2.5,0.7173333333333334
40,2.5,1.5,0.781
40,2.5,1.5,0.781
40,15.0,2.0,0.953
40,15.0,0.5,2.5271111111111115
40,5.0,3.0,0.601
40,10.0,0.5,2.0451111111111113
40,2.5,0.5,1.504888888888889
40,10.0,2.5,0.983
40,10.0,0.5,2.0451111111111113
40,2.5,0.5,1.504888888888889
40,5.0,2.0,0.6996666666666668
40,20.0,3.0,1.103
40,15.0,0.5,2.5271111111111115
40,20.0,3.0,1.103
40,5.0,1.5,0.771
40,5.0,2.5,0.7173333333333334
40,10.0,3.0,0.6819999999999999
40,15.0,0.5,2.5271111111111115
40,2.5,1.5,0.781
40,10.0,1.5,0.9276666666666666
40,15.0,0.5,2.5271111111111115
40,20.0,0.5,3.5774444444444438
40,20.0,3.0,1.103
40,5.0,0.5,1.7057777777777778
40,15.0,0.5,2.5271111111111115
40,5.0,3.0,0.601
40,5.0,0.5,1.7057777777777778
40,2.5,0.5,1.504888888888889
40,15.0,2.5,1.131
40,15.0,0.5,2.5271111111111115
40,15.0,2.5,1.131
40,2.5,1.5,0.781
40,5.0,1.5,0.771
40,10.0,1.5,0.9276666666666666
40,20.0,2.5,1.4066666666666665
40,20.0,0.5,3.5774444444444438
40,5.0,0.5,1.7057777777777778
40,2.5,2.5,0.6575
40,15.0,2.0,0.953
40,5.0,2.5,0.7173333333333334
40,20.0,3.0,1.103
40,20.0,2.0,1.484
40,10.0,0.5,2.0451111111111113
40,15.0,2.0,0.953
40,2.5,2.0,0.5974999999999999
40,15.0,0.5,2.5271111111111115
40,5.0,1.5,0.771
40,15.0,1.5,1.2343333333333335
40,5.0,1.5,0.771
40,20.0,2.5,1.4066666666666665
40,10.0,2.0,0.7496666666666666
40,5.0,0.5,1.7057777777777778
40,20.0,2.5,1.4066666666666665
40,10.0,2.0,0.7496666666666666
40,10.0,3.0,0.6819999999999999
40,10.0,3.0,0.6819999999999999
40,15.0,0.5,2.5271111111111115
40,5.0,3.0,0.601
40,20.0,1.5,1.8023333333333333
40,5.0,0.5,1.7057777777777778
40,2.5,1.5,0.781
40,10.0,3.0,0.6819999999999999
40,10.0,2.0,0.7496666666666666
40,20.0,2.0,1.484
40,10.0,0.5,2.0451111111111113
40,10.0,2.0,0.7496666666666666
40,20.0,0.5,3.5774444444444438
40,15.0,1.5,1.2343333333333335
40,10.0,1.5,0.9276666666666666
40,2.5,0.5,1.504888888888889
40,15.0,3.0,0.8610000000000001
40,20.0,0.5,3.5774444444444438
40,20.0,1.5,1.8023333333333333
40,2.5,0.5,1.504888888888889
40,20.0,1.5,1.8023333333333333
40,2.5,0.5,1.504888888888889
40,15.0,2.5,1.131
40,10.0,0.5,2.0451111111111113
40,2.5,0.5,1.504888888888889
40,10.0,0.5,2.0451111111111113
40,2.5,0.5,1.504888888888889
40,2.5,3.0,0.509
40,10.0,0.5,2.0451111111111113
40,2.5,0.5,1.504888888888889
40,5.0,0.5,1.7057777777777778
40,15.0,0.5,2.5271111111111115
40,20.0,0.5,3.5774444444444438
40,2.5,2.5,0.6575
40,5.0,2.5,0.7173333333333334
40,5.0,0.5,1.7057777777777778
40,5.0,3.0,0.601
40,5.0,0.5,1.7057777777777778
40,20.0,2.5,1.4066666666666665
40,15.0,0.5,2.5271111111111115
40,5.0,0.5,1.7057777777777778
40,5.0,0.5,1.7057777777777778
40,2.5,3.0,0.509
40,10.0,2.5,0.983
40,20.0,3.0,1.103
40,20.0,2.0,1.484
40,20.0,0.5,3.5774444444444438
40,20.0,0.5,3.5774444444444438
40,20.0,0.5,3.5774444444444438
40,20.0,0.5,3.5774444444444438
40,2.5,2.0,0.5974999999999999
40,20.0,0.5,3.5774444444444438
40,20.0,2.5,1.4066666666666665
40,5.0,0.5,1.7057777777777778
40,20.0,2.0,1.484
40,20.0,2.5,1.4066666666666665
40,2.5,3.0,0.509
40,10.0,0.5,2.0451111111111113
40,2.5,0.5,1.504888888888889
40,2.5,0.5,1.504888888888889
40,5.0,1.5,0.771
40,15.0,0.5,2.5271111111111115
40,20.0,0.5,3.5774444444444438
40,20.0,0.5,3.5774444444444438
40,10.0,0.5,2.0451111111111113
40,15.0,2.0,0.953
40,10.0,3.0,0.6819999999999999
40,20.0,2.0,1.484
40,5.0,2.0,0.6996666666666668
40,20.0,0.5,3.5774444444444438
40,5.0,0.5,1.7057777777777778
40,10.0,2.5,0.983
40,2.5,0.5,1.504888888888889
40,10.0,0.5,2.0451111111111113
40,20.0,2.5,1.4066666666666665
40,5.0,2.0,0.6996666666666668
40,5.0,1.5,0.771
40,2.5,0.5,1.504888888888889
40,5.0,0.5,1.7057777777777778
40,10.0,0.5,2.0451111111111113
40,5.0,0.5,1.7057777777777778
40,5.0,1.5,0.771
40,15.0,1.5,1.2343333333333335
40,2.5,3.0,0.509
40,15.0,0.5,2.5271111111111115
40,20.0,0.5,3.5774444444444438
40,20.0,3.0,1.103
40,2.5,0.5,1.504888888888889
40,20.0,0.5,3.5774444444444438
40,2.5,2.5,0.6575
40,2.5,3.0,0.509
40,10.0,0.5,2.0451111111111113
40,5.0,0.5,1.7057777777777778
40,10.0,0.5,2.0451111111111113
40,2.5,2.0,0.5974999999999999
40,20.0,0.5,3.5774444444444438
40,15.0,1.5,1.2343333333333335
40,15.0,2.0,0.953
40,2.5,3.0,0.509
40,10.0,0.5,2.0451111111111113
40,20.0,0.5,3.5774444444444438
40,20.0,0.5,3.5774444444444438
40,10.0,0.5,2.0451111111111113
40,5.0,3.0,0.601
40,2.5,1.5,0.781
40,10.0,0.5,2.0451111111111113
40,15.0,2.5,1.131
40,15.0,1.5,1.2343333333333335
40,20.0,0.5,3.5774444444444438
40,10.0,2.5,0.983
40,5.0,0.5,1.7057777777777778
40,15.0,1.5,1.2343333333333335
40,10.0,0.5,2.0451111111111113
40,2.5,0.5,1.504888888888889
40,20.0,0.5,3.5774444444444438
40,2.5,3.0,0.509
40,5.0,0.5,1.7057777777777778
40,15.0,1.5,1.2343333333333335
40,10.0,1.5,0.9276666666666666
50,15.0,1.5,1.3946666666666667
50,15.0,2.5,1.3953333333333333
50,15.0,0.5,3.4629999999999996
50,20.0,1.5,1.7236666666666665
50,10.0,1.0,1.3853333333333335
50,15.0,2.0,1.5596666666666668
50,15.0,0.5,3.4629999999999996
50,15.0,0.5,3.4629999999999996
50,10.0,2.0,0.9463333333333334
50,20.0,2.0,1.40425
50,20.0,3.0,1.1863333333333335
50,15.0,0.5,3.4629999999999996
50,2.5,3.0,0.7333333333333334
50,15.0,0.5,3.4629999999999996
50,5.0,3.0,0.7643333333333334
50,5.0,3.0,0.7643333333333334
50,2.5,1.5,1.28375
50,15.0,2.0,1.5596666666666668
50,10.0,1.5,1.0753333333333335
50,10.0,2.5,1.204
50,5.0,1.5,0.9380000000000001
50,10.0,3.0,0.8576666666666667
50,2.5,1.5,1.28375
50,20.0,2.5,1.656
50,5.0,3.0,0.7643333333333334
50,15.0,2.0,1.5596666666666668
50,15.0,2.5,1.3953333333333333
50,15.0,2.5,1.3953333333333333
50,5.0,1.0,0.9205000000000001
50,20.0,1.0,2.038
50,15.0,2.0,1.5596666666666668
50,5.0,1.0,0.9205000000000001
50,2.5,2.0,0.7719999999999999
50,15.0,1.5,1.3946666666666667
50,5.0,1.5,0.9380000000000001
50,20.0,2.0,1.40425
50,2.5,1.0,1.0410000000000001
50,10.0,3.0,0.8576666666666667
50,5.0,1.5,0.9380000000000001
50,10.0,3.0,0.8576666666666667
50,15.0,2.5,1.3953333333333333
50,10.0,3.0,0.8576666666666667
50,5.0,3.0,0.7643333333333334
50,10.0,1.5,1.0753333333333335
50,20.0,1.5,1.7236666666666665
50,5.0,2.0,0.751
50,20.0,2.5,1.656
50,20.0,2.0,1.40425
50,15.0,2.5,1.3953333333333333
50,15.0,3.0,1.0313333333333332
50,20.0,2.0,1.40425
50,20.0,1.0,2.038
50,15.0,1.0,1.6183333333333334
50,5.0,1.5,0.9380000000000001
50,15.0,1.5,1.3946666666666667
50,20.0,2.0,1.40425
50,5.0,1.5,0.9380000000000001
50,15.0,2.0,1.5596666666666668
50,20.0,1.0,2.038
50,10.0,1.0,1.3853333333333335
50,5.0,3.0,0.7643333333333334
50,15.0,0.5,3.4629999999999996
50,20.0,3.0,1.1863333333333335
50,10.0,3.0,0.8576666666666667
50,15.0,2.5,1.3953333333333333
50,15.0,2.0,1.5596666666666668
50,5.0,2.5,0.9329999999999999
50,2.5,3.0,0.7333333333333334
50,10.0,0.5,2.7070000000000003
50,5.0,0.5,2.334
50,15.0,2.5,1.3953333333333333
50,5.0,1.5,0.9380000000000001
50,10.0,2.0,0.9463333333333334
50,10.0,2.0,0.9463333333333334
50,15.0,1.5,1.3946666666666667
50,5.0,2.0,0.751
50,15.0,3.0,1.0313333333333332
50,5.0,2.0,0.751
50,15.0,3.0,1.0313333333333332
50,2.5,1.5,1.28375
50,15.0,1.5,1.3946666666666667
50,15.0,1.0,1.6183333333333334
50,20.0,2.0,1.40425
50,5.0,2.5,0.9329999999999999
50,15.0,2.0,1.5596666666666668
50,2.5,2.0,0.7719999999999999
50,15.0,1.0,1.6183333333333334
50,10.0,1.5,1.0753333333333335
50,15.0,3.0,1.0313333333333332
50,15.0,2.0,1.5596666666666668
50,20.0,2.5,1.656
50,20.0,3.0,1.1863333333333335
50,15.0,1.0,1.6183333333333334
50,5.0,3.0,0.7643333333333334
50,20.0,1.5,1.7236666666666665
50,2.5,3.0,0.7333333333333334
50,10.0,1.0,1.3853333333333335
50,5.0,3.0,0.7643333333333334
50,20.0,1.0,2.038
50,15.0,1.0,1.6183333333333334
50,5.0,3.0,0.7643333333333334
50,5.0,0.5,2.334
50,5.0,1.5,0.9380000000000001
50,20.0,3.0,1.1863333333333335
50,2.5,1.0,1.0410000000000001
50,5.0,1.0,0.9205000000000001
50,20.0,1.0,2.038
50,5.0,2.5,0.9329999999999999
50,2.5,1.0,1.0410000000000001
50,5.0,1.0,0.9205000000000001
50,20.0,2.5,1.656
50,10.0,1.5,1.0753333333333335
50,5.0,1.0,0.9205000000000001
50,2.5,2.0,0.7719999999999999
50,10.0,1.5,1.0753333333333335
50,20.0,1.0,2.038
50,20.0,1.0,2.038
50,2.5,1.5,1.28375
50,2.5,1.0,1.0410000000000001
50,10.0,1.0,1.3853333333333335
50,5.0,1.0,0.9205000000000001
50,20.0,1.0,2.038
50,5.0,1.5,0.9380000000000001
50,15.0,1.5,1.3946666666666667
50,5.0,1.0,0.9205000000000001
50,10.0,0.5,2.7070000000000003
50,10.0,0.5,2.7070000000000003
50,5.0,0.5,2.334
50,20.0,0.5,3.987
50,10.0,0.5,2.7070000000000003
50,20.0,0.5,3.987
50,20.0,1.5,1.7236666666666665
50,5.0,0.5,2.334
50,20.0,0.5,3.987
50,5.0,0.5,2.334
50,20.0,0.5,3.987
50,5.0,1.5,0.9380000000000001
50,5.0,0.5,2.334
50,20.0,0.5,3.987
50,5.0,1.5,0.9380000000000001
50,10.0,1.5,1.0753333333333335
50,10.0,1.5,1.0753333333333335
50,20.0,2.0,1.40425
50,10.0,0.5,2.7070000000000003
50,20.0,0.5,3.987
50,10.0,0.5,2.7070000000000003
50,5.0,3.0,0.7643333333333334
50,20.0,2.0,1.40425
50,2.5,1.5,1.28375
50,20.0,1.0,2.038
50,10.0,2.0,0.9463333333333334
50,20.0,3.0,1.1863333333333335
50,20.0,2.5,1.656
50,10.0,1.0,1.3853333333333335
50,20.0,1.0,2.038
50,15.0,3.0,1.0313333333333332
50,5.0,3.0,0.7643333333333334
50,10.0,1.0,1.3853333333333335
50,2.5,3.0,0.7333333333333334
50,10.0,1.0,1.3853333333333335
50,15.0,1.5,1.3946666666666667
50,2.5,2.0,0.7719999999999999
50,5.0,2.0,0.751
50,2.5,1.5,1.28375
50,15.0,2.5,1.3953333333333333
50,10.0,2.5,1.204
50,15.0,2.0,1.5596666666666668
50,2.5,3.0,0.7333333333333334
50,2.5,2.0,0.7719999999999999
50,10.0,2.5,1.204
50,15.0,2.0,1.5596666666666668
50,10.0,2.5,1.204
50,20.0,3.0,1.1863333333333335
50,10.0,2.5,1.204
50,5.0,2.0,0.751
50,5.0,2.5,0.9329999999999999
50,10.0,2.0,0.9463333333333334
50,2.5,1.5,1.28375
50,20.0,2.0,1.40425
50,10.0,2.0,0.9463333333333334
50,5.0,1.0,0.9205000000000001
50,15.0,3.0,1.0313333333333332
50,2.5,3.0,0.7333333333333334
50,10.0,1.5,1.0753333333333335
50,5.0,1.5,0.9380000000000001
50,15.0,1.5,1.3946666666666667
50,2.5,1.5,1.28375
50,2.5,2.0,0.7719999999999999
50,2.5,1.5,1.28375
50,10.0,3.0,0.8576666666666667
50,20.0,2.5,1.656
50,10.0,3.0,0.8576666666666667
50,2.5,1.0,1.0410000000000001
50,15.0,3.0,1.0313333333333332
50,10.0,1.0,1.3853333333333335
50,10.0,3.0,0.8576666666666667
50,2.5,1.5,1.28375
50,10.0,1.5,1.0753333333333335
50,2.5,3.0,0.7333333333333334
50,15.0,1.5,1.3946666666666667
50,10.0,2.0,0.9463333333333334
50,15.0,1.0,1.6183333333333334
50,2.5,2.0,0.7719999999999999
50,5.0,0.5,2.334
50,10.0,0.5,2.7070000000000003
50,15.0,1.5,1.3946666666666667
50,20.0,3.0,1.1863333333333335
50,2.5,1.0,1.0410000000000001
50,20.0,1.5,1.7236666666666665
50,5.0,2.0,0.751
50,5.0,1.5,0.9380000000000001
50,15.0,1.0,1.6183333333333334
50,20.0,1.5,1.7236666666666665
50,15.0,2.5,1.3953333333333333
50,20.0,2.0,1.40425
50,5.0,2.5,0.9329999999999999
50,10.0,1.5,1.0753333333333335
50,15.0,2.0,1.5596666666666668
50,15.0,3.0,1.0313333333333332
50,5.0,1.0,0.9205000000000001
50,20.0,2.0,1.40425
50,5.0,2.5,0.9329999999999999
50,20.0,3.0,1.1863333333333335
50,20.0,1.5,1.7236666666666665
50,15.0,1.0,1.6183333333333334
50,15.0,1.0,1.6183333333333334
50,5.0,2.0,0.751
50,2.5,2.0,0.7719999999999999
50,5.0,2.0,0.751
50,15.0,3.0,1.0313333333333332
50,5.0,3.0,0.7643333333333334
50,5.0,2.5,0.9329999999999999
50,15.0,1.0,1.6183333333333334
50,10.0,2.5,1.204
50,5.0,2.5,0.9329999999999999
50,10.0,3.0,0.8576666666666667
50,15.0,2.0,1.5596666666666668
50,20.0,3.0,1.1863333333333335
50,20.0,1.5,1.7236666666666665
50,2.5,3.0,0.7333333333333334
50,10.0,2.5,1.204
50,5.0,3.0,0.7643333333333334
50,15.0,1.5,1.3946666666666667
50,2.5,1.0,1.0410000000000001
50,15.0,0.5,3.4629999999999996
50,20.0,2.0,1.40425
50,10.0,3.0,0.8576666666666667
50,15.0,1.5,1.3946666666666667
50,20.0,1.5,1.7236666666666665
50,2.5,2.0,0.7719999999999999
50,10.0,3.0,0.8576666666666667
50,20.0,1.5,1.7236666666666665
50,15.0,1.5,1.3946666666666667
50,10.0,2.0,0.9463333333333334
50,20.0,3.0,1.1863333333333335
50,20.0,2.0,1.40425
50,15.0,3.0,1.0313333333333332
50,15.0,0.5,3.4629999999999996
50,20.0,3.0,1.1863333333333335
50,10.0,2.0,0.9463333333333334
50,10.0,1.0,1.3853333333333335
50,15.0,0.5,3.4629999999999996
50,5.0,2.5,0.9329999999999999
50,15.0,0.5,3.4629999999999996
50,10.0,1.0,1.3853333333333335
50,2.5,3.0,0.7333333333333334
50,15.0,1.5,1.3946666666666667
50,10.0,2.0,0.9463333333333334
50,2.5,2.0,0.7719999999999999
50,10.0,3.0,0.8576666666666667
50,15.0,0.5,3.4629999999999996
50,15.0,0.5,3.4629999999999996
50,10.0,2.0,0.9463333333333334
50,5.0,1.5,0.9380000000000001
50,5.0,2.5,0.9329999999999999
50,10.0,1.5,1.0753333333333335
50,5.0,2.0,0.751
50,15.0,2.5,1.3953333333333333
50,20.0,2.0,1.40425
50,2.5,3.0,0.7333333333333334
50,15.0,1.0,1.6183333333333334
50,5.0,3.0,0.7643333333333334
50,2.5,3.0,0.7333333333333334
50,20.0,2.0,1.40425
50,2.5,1.5,1.28375
50,15.0,1.5,1.3946666666666667
50,5.0,3.0,0.7643333333333334
50,10.0,1.5,1.0753333333333335
50,2.5,1.0,1.0410000000000001
50,5.0,3.0,0.7643333333333334
50,20.0,2.5,1.656
50,10.0,2.5,1.204
50,20.0,1.5,1.7236666666666665
50,2.5,1.5,1.28375
50,2.5,3.0,0.7333333333333334
50,5.0,1.5,0.9380000000000001
50,2.5,1.0,1.0410000000000001
50,20.0,1.5,1.7236666666666665
50,10.0,2.0,0.9463333333333334
50,5.0,2.5,0.9329999999999999
50,5.0,2.0,0.751
50,5.0,0.5,2.334
50,2.5,2.0,0.7719999999999999
50,2.5,2.0,0.7719999999999999
50,15.0,2.0,1.5596666666666668
50,15.0,3.0,1.0313333333333332
50,20.0,2.5,1.656
50,10.0,1.5,1.0753333333333335
50,2.5,2.0,0.7719999999999999
50,10.0,1.5,1.0753333333333335
50,5.0,1.5,0.9380000000000001
50,2.5,1.5,1.28375
50,10.0,1.0,1.3853333333333335
50,15.0,2.5,1.3953333333333333
50,10.0,3.0,0.8576666666666667
50,5.0,1.0,0.9205000000000001
50,15.0,1.0,1.6183333333333334
50,5.0,2.0,0.751
50,15.0,3.0,1.0313333333333332
50,20.0,1.5,1.7236666666666665
50,2.5,2.0,0.7719999999999999
50,10.0,3.0,0.8576666666666667
50,15.0,1.0,1.6183333333333334
50,20.0,2.5,1.656
50,5.0,1.5,0.9380000000000001
50,10.0,1.0,1.3853333333333335
50,2.5,1.0,1.0410000000000001
50,20.0,1.5,1.7236666666666665
50,15.0,2.0,1.5596666666666668
50,15.0,1.5,1.3946666666666667
50,10.0,2.0,0.9463333333333334
50,2.5,2.0,0.7719999999999999
50,20.0,2.5,1.656
50,2.5,3.0,0.7333333333333334
50,5.0,2.0,0.751
50,15.0,3.0,1.0313333333333332
50,20.0,1.0,2.038
50,20.0,3.0,1.1863333333333335
50,20.0,3.0,1.1863333333333335
50,2.5,1.5,1.28375
50,5.0,2.0,0.751
50,15.0,3.0,1.0313333333333332
50,20.0,2.5,1.656
50,10.0,2.5,1.204
50,10.0,1.5,1.0753333333333335
50,10.0,2.5,1.204
50,2.5,1.0,1.0410000000000001
50,10.0,3.0,0.8576666666666667
50,20.0,1.0,2.038
50,20.0,3.0,1.1863333333333335
50,2.5,1.5,1.28375
50,10.0,2.0,0.9463333333333334
50,10.0,1.0,1.3853333333333335
50,2.5,3.0,0.7333333333333334
50,20.0,3.0,1.1863333333333335
50,5.0,2.5,0.9329999999999999
50,10.0,1.5,1.0753333333333335
50,20.0,1.5,1.7236666666666665
50,20.0,2.0,1.40425
50,15.0,1.0,1.6183333333333334
50,20.0,2.5,1.656
50,10.0,1.0,1.3853333333333335
50,15.0,2.0,1.5596666666666668
50,15.0,3.0,1.0313333333333332
50,5.0,2.0,0.751
50,2.5,2.0,0.7719999999999999
50,5.0,2.0,0.751
50,10.0,2.0,0.9463333333333334
50,10.0,2.5,1.204
50,10.0,0.5,2.7070000000000003
50,20.0,1.0,2.038
50,5.0,1.0,0.9205000000000001
50,5.0,2.0,0.751
50,2.5,1.0,1.0410000000000001
50,2.5,1.0,1.0410000000000001
50,10.0,0.5,2.7070000000000003
50,10.0,0.5,2.7070000000000003
50,2.5,1.0,1.0410000000000001
50,15.0,2.5,1.3953333333333333
50,5.0,1.0,0.9205000000000001
50,10.0,0.5,2.7070000000000003
50,2.5,1.5,1.28375
50,5.0,0.5,2.334
50,20.0,0.5,3.987
50,2.5,3.0,0.7333333333333334
50,10.0,2.0,0.9463333333333334
50,10.0,2.5,1.204
50,5.0,1.0,0.9205000000000001
50,20.0,1.5,1.7236666666666665
50,5.0,1.0,0.9205000000000001
50,20.0,0.5,3.987
50,20.0,1.0,2.038
50,20.0,0.5,3.987
50,5.0,0.5,2.334
50,15.0,2.0,1.5596666666666668
50,20.0,0.5,3.987
50,10.0,0.5,2.7070000000000003
50,20.0,0.5,3.987
50,5.0,0.5,2.334
50,5.0,0.5,2.334
50,20.0,0.5,3.987
