Arbeit;Arbeit (Belastung);Arbeit (Entlastung);Belastungsarbeit;Dehnung;Dehnung nominell;Dehnungskanal;Entlastungsarbeit;H?henkanal;H?henkanal normiert;Ist-Temperatur;Kanalintegration;LE-Kanal;Me?l?nge;Pr√ºfzeit;Standardkraft;Standardkraftsensor;Standardweg;Standardwegsensor;Systemzeit;Temperatur;Traverse abs;Traversenwegaufnehmer;Zeit;Zyklus Start;Zyklusnummer;Ableitung2;Ableitung
0;0;0;0;0;0;1096.66;0;0;0;0;0;1.03202;-1096.66;0;-208.437;-208.437;0;1096.66;66.7225;0;1096.66;1096.66;66.7225;0;0;0;
0;0;0;0;0;0;1096.66;0;0;0;0;0;1.03202;-1096.66;0;-208.402;-208.402;0;1096.66;72.9825;0;1096.66;1096.66;72.9825;0;0;208.36700531742;0.035000000000025
0;0;0;0;0;0;1096.66;0;0;0;0;0;1.03202;-1096.66;0;0.00000531742;0.00000531742;0;1096.66;74.6025;0;1096.66;1096.66;74.6025;0;0;-208.40200531742;208.40200531742
0;0;0;0;0;0;1096.66;0;0;0;0;0;1.03202;-1096.66;0;0.00000531742;0.00000531742;0;1096.66;74.6825;0;1096.66;1096.66;74.6825;0;0;23.36339468258;0
0;0;0;0;0;0;1107.49;0;0;0;0;0;-9.80074;-1107.49;0;23.3634;23.3634;0;1107.49;81.7225;0;1107.49;1107.49;81.7225;0;0;-21.66939468258;23.36339468258
0;0;0;0;0;0;1107.5;0;0;0;0;0;-9.81026;-1107.5;0;25.0574;25.0574;0;1107.5;81.7825;0;1107.5;1107.5;81.7825;0;0;-0.811700000000005;1.694
0;0;0;0;0;0;0.0000469089;0;0;0;0;0;-9.81482;-1107.5;0;25.9397;25.9397;0;0.0000469089;81.8425;0;1107.5;0.0000469089;81.8425;0;0;-0.705799999999996;0.882299999999997
0;0;0;0;0;0;0.000908978;0;-9.81483;9.81483;0;0;-9.81569;-1107.51;0;26.1162;26.1162;0;0.000908978;-0.00000305176;0;1107.51;0.000908978;81.8625;0;0;-0.106000000000002;0.176500000000001
0;0;0;0;0.00147794;0.00147794;0.00147794;0;-9.81483;9.81483;0;0;-9.81626;-1107.51;0.0199969;26.1867;26.1867;0.00147794;0.00147794;0.0199969;0;1107.51;0.00147794;81.8825;0;0;0.211900000000004;0.0704999999999991
0.0000326829;0.0000326829;0;0.0326829;0.00271932;0.00271932;0.00271932;0;-9.81483;9.81483;0;0.0326829;-9.8175;-1107.51;0.0999969;26.4691;26.4691;0.00271932;0.00271932;0.0999969;0;1107.51;0.00271932;81.9625;0;0;-0.211800000000004;0.282400000000003
0.0000363387;0.0000363387;0;0.0363387;0.00285725;0.00285725;0.00285725;0;-9.81483;9.81483;0;0.0363387;-9.81764;-1107.51;0.119997;26.5397;26.5397;0.00285725;0.00285725;0.119997;0;1107.51;0.00285725;81.9825;1;1;-0.0352999999999994;0.0705999999999989
0.000039086;0.000039086;0;0.039086;0.0029607;0.0029607;0.0029607;0;-9.81483;9.81483;0;0.039086;-9.81774;-1107.51;0.139997;26.575;26.575;0.0029607;0.0029607;0.139997;0;1107.51;0.0029607;82.0025;1;1;-0.141199999999998;0.0352999999999994
0.0000450306;0.0000450306;0;0.0450306;0.00318484;0.00318484;0.00318484;0;-9.81483;9.81483;0;0.0450306;-9.81796;-1107.51;0.219997;26.4691;26.4691;0.00318484;0.00318484;0.219997;0;1107.51;0.00318484;82.0825;1;1;0.176499999999997;-0.105899999999998
0.0000477724;0.0000477724;0;0.0477724;0.00328829;0.00328829;0.00328829;0;-9.81483;9.81483;0;0.0477724;-9.81807;-1107.51;0.319997;26.5397;26.5397;0.00328829;0.00328829;0.319997;0;1107.51;0.00328829;82.1825;1;1;-0.105899999999998;0.0705999999999989
0.000048687;0.000048687;0;0.048687;0.00332277;0.00332277;0.00332277;0;-9.81483;9.81483;0;0.048687;-9.8181;-1107.51;0.439997;26.5044;26.5044;0.00332277;0.00332277;0.439997;0;1107.51;0.00332277;82.3025;1;1;0.0705999999999989;-0.0352999999999994
0.0000491443;0.0000491443;0;0.0491443;0.00334001;0.00334001;0.00334001;0;-9.81483;9.81483;0;0.0491443;-9.81812;-1107.51;0.539997;26.5397;26.5397;0.00334001;0.00334001;0.539997;0;1107.51;0.00334001;82.4025;1;1;0;0.0352999999999994
0.0000486864;0.0000491443;-0.000000457884;0.0491443;0.00332277;0.00332277;0.00332277;-0.000457884;-9.81483;9.81483;0;0.0486864;-9.8181;-1107.51;0.659997;26.575;26.575;0.00332277;0.00332277;0.659997;0;1107.51;0.00332277;82.5225;1;1;-0.105899999999998;0.0352999999999994
0.0000486864;0.0000491443;-0.000000457884;0.0491443;0.00332277;0.00332277;0.00332277;-0.000457884;-9.81483;9.81483;0;0.0486864;-9.8181;-1107.51;0.779997;26.5044;26.5044;0.00332277;0.00332277;0.779997;0;1107.51;0.00332277;82.6425;1;1;0.388199999999998;-0.0705999999999989
0.0000689136;0.0000693715;-0.000000457884;0.0693715;0.00408139;0.00408139;0.00408139;-0.000457884;-9.81483;9.81483;0;0.0689136;-9.81886;-1107.51;0.879997;26.822;26.822;0.00408139;0.00408139;0.879997;0;1107.51;0.00408139;82.7425;1;1;4.1292;0.317599999999999
0.000959806;0.000960264;-0.000000457884;0.960264;0.0347538;0.0347538;0.0347538;-0.000457884;-9.81483;9.81483;0;0.959806;-9.84953;-1107.54;0.999997;31.2688;31.2688;0.0347538;0.0347538;0.999997;0;1107.54;0.0347538;82.8625;1;1;-1.3411;4.4468
0.00160379;0.00160425;-0.000000457884;1.60425;0.0543745;0.0543745;0.0543745;-0.000457884;-9.81483;9.81483;0;1.60379;-9.86915;-1107.56;1.06;34.3745;34.3745;0.0543745;0.0543745;1.06;0;1107.56;0.0543745;82.9225;1;1;-1.09399999999999;3.1057
0.00206861;0.00206907;-0.000000457884;2.06907;0.0675124;0.0675124;0.0675124;-0.000457884;-9.81483;9.81483;0;2.06861;-9.88229;-1107.57;1.1;36.3862;36.3862;0.0675124;0.0675124;1.1;0;1107.57;0.0675124;82.9625;1;1;4.23499999999999;2.0117
0.00363946;0.00363992;-0.000000457884;3.63992;0.107271;0.107271;0.107271;-0.000457884;-9.81483;9.81483;0;3.63946;-9.92205;-1107.61;1.22;42.6329;42.6329;0.107271;0.107271;1.22;0;1107.61;0.107271;83.0825;1;1;-1.1294;6.2467
0.00514169;0.00514214;-0.000000457884;5.14214;0.140512;0.140512;0.140512;-0.000457884;-9.81483;9.81483;0;5.14169;-9.95529;-1107.65;1.32;47.7502;47.7502;0.140512;0.140512;1.32;0;1107.65;0.140512;83.1825;1;1;-2.6468;5.1173
0.00612055;0.00612101;-0.000000457884;6.12101;0.160495;0.160495;0.160495;-0.000457884;-9.81483;9.81483;0;6.12055;-9.97527;-1107.67;1.38;50.2207;50.2207;0.160495;0.160495;1.38;0;1107.67;0.160495;83.2425;1;1;-0.176600000000001;2.4705
0.00714968;0.00715013;-0.000000457884;7.15013;0.18053;0.18053;0.18053;-0.000457884;-9.81483;9.81483;0;7.14968;-9.99531;-1107.69;1.44;52.5146;52.5146;0.18053;0.18053;1.44;0;1107.69;0.18053;83.3025;1;1;0.776599999999995;2.2939
0.00895196;0.00895242;-0.000000457884;8.95242;0.213874;0.213874;0.213874;-0.000457884;-9.81483;9.81483;0;8.95196;-10.0287;-1107.72;1.54;55.5851;55.5851;0.213874;0.213874;1.54;0;1107.72;0.213874;83.4025;1;1;-9.99999999891088E-05;3.0705
0.0112348;0.0112353;-0.000000457884;11.2353;0.25384;0.25384;0.25384;-0.000457884;-9.81483;9.81483;0;11.2348;-10.0686;-1107.76;1.66;58.6555;58.6555;0.25384;0.25384;1.66;0;1107.76;0.25384;83.5225;1;1;-2.64690000000001;3.07040000000001
0.0116276;0.011628;-0.000000457884;11.628;0.260512;0.260512;0.260512;-0.000457884;-9.81483;9.81483;0;11.6276;-10.0753;-1107.77;1.68;59.079;59.079;0.260512;0.260512;1.68;0;1107.77;0.260512;83.5425;1;1;1.7293;0.423499999999997
0.0136345;0.013635;-0.000000457884;13.635;0.293875;0.293875;0.293875;-0.000457884;-9.81483;9.81483;0;13.6345;-10.1087;-1107.8;1.78;61.2318;61.2318;0.293875;0.293875;1.78;0;1107.8;0.293875;83.6425;1;1;-0.494099999999996;2.1528
0.0157028;0.0157033;-0.000000457884;15.7033;0.327202;0.327202;0.327202;-0.000457884;-9.81483;9.81483;0;15.7028;-10.142;-1107.83;1.88;62.8905;62.8905;0.327202;0.327202;1.88;0;1107.83;0.327202;83.7425;1;1;-0.105800000000009;1.6587
0.0182451;0.0182456;-0.000000457884;18.2456;0.367133;0.367133;0.367133;-0.000457884;-9.81483;9.81483;0;18.2451;-10.1819;-1107.87;2;64.4434;64.4434;0.367133;0.367133;2;0;1107.87;0.367133;83.8625;1;1;-0.494199999999992;1.55289999999999
0.0204128;0.0204132;-0.000000457884;20.4132;0.400495;0.400495;0.400495;-0.000457884;-9.81483;9.81483;0;20.4128;-10.2153;-1107.91;2.1;65.5021;65.5021;0.400495;0.400495;2.1;0;1107.91;0.400495;83.9625;1;1;0.141300000000001;1.0587
0.0230591;0.0230596;-0.000000457884;23.0596;0.44053;0.44053;0.44053;-0.000457884;-9.81483;9.81483;0;23.0591;-10.2553;-1107.95;2.22;66.7021;66.7021;0.44053;0.44053;2.22;0;1107.95;0.44053;84.0825;1;1;-0.529499999999999;1.2
0.024846;0.0248465;-0.000000457884;24.8465;0.467185;0.467185;0.467185;-0.000457884;-9.81483;9.81483;0;24.846;-10.282;-1107.97;2.3;67.3726;67.3726;0.467185;0.467185;2.3;0;1107.97;0.467185;84.1625;1;1;-0.494000000000014;0.670500000000004
0.0252961;0.0252966;-0.000000457884;25.2966;0.473857;0.473857;0.473857;-0.000457884;-9.81483;9.81483;0;25.2961;-10.2886;-1107.98;2.32;67.5491;67.5491;0.473857;0.473857;2.32;0;1107.98;0.473857;84.1825;1;1;0.599900000000019;0.17649999999999
0.0280148;0.0280153;-0.000000457884;28.0153;0.513874;0.513874;0.513874;-0.000457884;-9.81483;9.81483;0;28.0148;-10.3287;-1108.02;2.44;68.3255;68.3255;0.513874;0.513874;2.44;0;1108.02;0.513874;84.3025;1;1;-0.0706000000000131;0.77640000000001
0.0303037;0.0303041;-0.000000457884;30.3041;0.547202;0.547202;0.547202;-0.000457884;-9.81483;9.81483;0;30.3037;-10.362;-1108.05;2.54;69.0313;69.0313;0.547202;0.547202;2.54;0;1108.05;0.547202;84.4025;1;1;-0.388099999999994;0.705799999999996
0.0316875;0.031688;-0.000000457884;31.688;0.567202;0.567202;0.567202;-0.000457884;-9.81483;9.81483;0;31.6875;-10.382;-1108.07;2.6;69.349;69.349;0.567202;0.567202;2.6;0;1108.07;0.567202;84.4625;1;1;-0.0354000000000099;0.317700000000002
0.0330737;0.0330742;-0.000000457884;33.0742;0.58715;0.58715;0.58715;-0.000457884;-9.81483;9.81483;0;33.0737;-10.4019;-1108.09;2.66;69.6313;69.6313;0.58715;0.58715;2.66;0;1108.09;0.58715;84.5225;1;1;0.353000000000009;0.282299999999992
0.0358717;0.0358721;-0.000000457884;35.8721;0.62715;0.62715;0.62715;-0.000457884;-9.81483;9.81483;0;35.8717;-10.4419;-1108.13;2.78;70.2666;70.2666;0.62715;0.62715;2.78;0;1108.13;0.62715;84.6425;1;1;-0.141199999999998;0.635300000000001
0.0382254;0.0382258;-0.000000457884;38.2258;0.66053;0.66053;0.66053;-0.000457884;-9.81483;9.81483;0;38.2254;-10.4753;-1108.17;2.88;70.7607;70.7607;0.66053;0.66053;2.88;0;1108.17;0.66053;84.7425;1;1;-0.388300000000001;0.494100000000003
0.0386991;0.0386995;-0.000000457884;38.6995;0.667219;0.667219;0.667219;-0.000457884;-9.81483;9.81483;0;38.6991;-10.482;-1108.17;2.9;70.8665;70.8665;0.667219;0.667219;2.9;0;1108.17;0.667219;84.7625;1;1;0.352999999999994;0.105800000000002
0.0410673;0.0410678;-0.000000457884;41.0678;0.70053;0.70053;0.70053;-0.000457884;-9.81483;9.81483;0;41.0673;-10.5153;-1108.21;3;71.3253;71.3253;0.70053;0.70053;3;0;1108.21;0.70053;84.8625;1;1;-0.0704999999999956;0.458799999999997
0.0434509;0.0434513;-0.000000457884;43.4513;0.733857;0.733857;0.733857;-0.000457884;-9.81483;9.81483;0;43.4509;-10.5486;-1108.24;3.1;71.7136;71.7136;0.733857;0.733857;3.1;0;1108.24;0.733857;84.9625;1;1;0.246899999999997;0.388300000000001
0.0463346;0.0463351;-0.000000457884;46.3351;0.773892;0.773892;0.773892;-0.000457884;-9.81483;9.81483;0;46.3346;-10.5887;-1108.28;3.22;72.3488;72.3488;0.773892;0.773892;3.22;0;1108.28;0.773892;85.0825;1;1;-0.282299999999992;0.635199999999998
0.0487467;0.0487472;-0.000000457884;48.7472;0.80715;0.80715;0.80715;-0.000457884;-9.81483;9.81483;0;48.7467;-10.6219;-1108.31;3.32;72.7017;72.7017;0.80715;0.80715;3.32;0;1108.31;0.80715;85.1825;1;1;0.17649999999999;0.352900000000005
0.0516666;0.0516671;-0.000000457884;51.6671;0.847168;0.847168;0.847168;-0.000457884;-9.81483;9.81483;0;51.6666;-10.6619;-1108.35;3.44;73.2311;73.2311;0.847168;0.847168;3.44;0;1108.35;0.847168;85.3025;1;1;0.105900000000005;0.529399999999995
0.0541191;0.0541195;-0.000000457884;54.1195;0.880512;0.880512;0.880512;-0.000457884;-9.81483;9.81483;0;54.1191;-10.6953;-1108.39;3.54;73.8664;73.8664;0.880512;0.880512;3.54;0;1108.39;0.880512;85.4025;1;1;-0.105900000000005;0.635300000000001
0.0570856;0.0570861;-0.000000457884;57.0861;0.92053;0.92053;0.92053;-0.000457884;-9.81483;9.81483;0;57.0856;-10.7353;-1108.43;3.66;74.3958;74.3958;0.92053;0.92053;3.66;0;1108.43;0.92053;85.5225;1;1;0.105800000000016;0.529399999999995
0.0600728;0.0600733;-0.000000457884;60.0733;0.960512;0.960512;0.960512;-0.000457884;-9.81483;9.81483;0;60.0728;-10.7753;-1108.47;3.78;75.031;75.031;0.960512;0.960512;3.78;0;1108.47;0.960512;85.6425;1;1;-0.211700000000022;0.635200000000012
0.0620798;0.0620802;-0.000000457884;62.0802;0.987185;0.987185;0.987185;-0.000457884;-9.81483;9.81483;0;62.0798;-10.802;-1108.49;3.86;75.4545;75.4545;0.987185;0.987185;3.86;0;1108.49;0.987185;85.7225;1;1;-0.352899999999991;0.42349999999999
0.0625835;0.0625839;-0.000000457884;62.5839;0.993857;0.993857;0.993857;-0.000457884;-9.81483;9.81483;0;62.5835;-10.8086;-1108.5;3.88;75.5251;75.5251;0.993857;0.993857;3.88;0;1108.5;0.993857;85.7425;1;1;0.494100000000003;0.0705999999999989
0.0656144;0.0656149;-0.000000457884;65.6149;1.03384;1.03384;1.03384;-0.000457884;-9.81483;9.81483;0;65.6144;-10.8486;-1108.54;4;76.0898;76.0898;1.03384;1.03384;4;0;1108.54;1.03384;85.8625;1;1;-0.0705999999999989;0.564700000000002
0.0681599;0.0681603;-0.000000457884;68.1603;1.06718;1.06718;1.06718;-0.000457884;-9.81483;9.81483;0;68.1599;-10.882;-1108.57;4.1;76.5839;76.5839;1.06718;1.06718;4.1;0;1108.57;1.06718;85.9625;1;1;-0.141199999999998;0.494100000000003
0.0702073;0.0702077;-0.000000457884;70.2077;1.09386;1.09386;1.09386;-0.000457884;-9.81483;9.81483;0;70.2073;-10.9086;-1108.6;4.18;76.9368;76.9368;1.09386;1.09386;4.18;0;1108.6;1.09386;86.0425;1;1;-0.105900000000005;0.352900000000005
0.0712343;0.0712347;-0.000000457884;71.2347;1.10718;1.10718;1.10718;-0.000457884;-9.81483;9.81483;0;71.2343;-10.922;-1108.61;4.22;77.1838;77.1838;1.10718;1.10718;4.22;0;1108.61;1.10718;86.0825;1;1;0.247099999999989;0.247
0.0738135;0.073814;-0.000000457884;73.814;1.1405;1.1405;1.1405;-0.000457884;-9.81483;9.81483;0;73.8135;-10.9553;-1108.65;4.32;77.6779;77.6779;1.1405;1.1405;4.32;0;1108.65;1.1405;86.1825;1;1;0.176500000000019;0.494099999999989
0.0769327;0.0769332;-0.000000457884;76.9332;1.18048;1.18048;1.18048;-0.000457884;-9.81483;9.81483;0;76.9327;-10.9953;-1108.69;4.44;78.3485;78.3485;1.18048;1.18048;4.44;0;1108.69;1.18048;86.3025;1;1;-0.423600000000008;0.670600000000007
0.0785062;0.0785067;-0.000000457884;78.5067;1.20053;1.20053;1.20053;-0.000457884;-9.81483;9.81483;0;78.5062;-11.0153;-1108.71;4.5;78.5955;78.5955;1.20053;1.20053;4.5;0;1108.71;1.20053;86.3625;1;1;-0.105800000000002;0.247
0.0795574;0.0795578;-0.000000457884;79.5578;1.21389;1.21389;1.21389;-0.000457884;-9.81483;9.81483;0;79.5574;-11.0287;-1108.72;4.54;78.7367;78.7367;1.21389;1.21389;4.54;0;1108.72;1.21389;86.4025;1;1;0.423500000000004;0.141199999999998
0.0827154;0.0827159;-0.000000457884;82.7159;1.25386;1.25386;1.25386;-0.000457884;-9.81483;9.81483;0;82.7154;-11.0686;-1108.76;4.66;79.3014;79.3014;1.25386;1.25386;4.66;0;1108.76;1.25386;86.5225;1;1;-0.00010000000000332;0.564700000000002
0.0858946;0.0858951;-0.000000457884;85.8951;1.29381;1.29381;1.29381;-0.000457884;-9.81483;9.81483;0;85.8946;-11.1086;-1108.8;4.78;79.866;79.866;1.29381;1.29381;4.78;0;1108.8;1.29381;86.6425;1;1;-0.388099999999994;0.564599999999999
0.086963;0.0869634;-0.000000457884;86.9634;1.30717;1.30717;1.30717;-0.000457884;-9.81483;9.81483;0;86.963;-11.1219;-1108.81;4.82;80.0425;80.0425;1.30717;1.30717;4.82;0;1108.81;1.30717;86.6825;1;1;0.176399999999987;0.176500000000004
0.0885729;0.0885734;-0.000000457884;88.5734;1.32724;1.32724;1.32724;-0.000457884;-9.81483;9.81483;0;88.5729;-11.142;-1108.83;4.88;80.3954;80.3954;1.32724;1.32724;4.88;0;1108.83;1.32724;86.7425;1;1;0.211800000000011;0.352899999999991
0.0917986;0.0917991;-0.000000457884;91.7991;1.36722;1.36722;1.36722;-0.000457884;-9.81483;9.81483;0;91.7986;-11.182;-1108.87;5;80.9601;80.9601;1.36722;1.36722;5;0;1108.87;1.36722;86.8625;1;1;-0.0352999999999923;0.564700000000002
0.0945028;0.0945033;-0.000000457884;94.5033;1.40051;1.40051;1.40051;-0.000457884;-9.81483;9.81483;0;94.5028;-11.2153;-1108.91;5.1;81.4895;81.4895;1.40051;1.40051;5.1;0;1108.91;1.40051;86.9625;1;1;-0.388300000000015;0.52940000000001
0.0955898;0.0955903;-0.000000457884;95.5903;1.41384;1.41384;1.41384;-0.000457884;-9.81483;9.81483;0;95.5898;-11.2286;-1108.92;5.14;81.6306;81.6306;1.41384;1.41384;5.14;0;1108.92;1.41384;87.0025;1;1;0.317700000000002;0.141099999999994
0.0977732;0.0977737;-0.000000457884;97.7737;1.44051;1.44051;1.44051;-0.000457884;-9.81483;9.81483;0;97.7732;-11.2553;-1108.95;5.22;82.0894;82.0894;1.44051;1.44051;5.22;0;1108.95;1.44051;87.0825;1;1;0;0.458799999999997
0.100522;0.100523;-0.000000457884;100.523;1.47391;1.47391;1.47391;-0.000457884;-9.81483;9.81483;0;100.522;-11.2887;-1108.98;5.32;82.5482;82.5482;1.47391;1.47391;5.32;0;1108.98;1.47391;87.1825;1;1;0.317700000000016;0.458799999999997
0.104385;0.104385;-0.000000457884;104.385;1.52048;1.52048;1.52048;-0.000457884;-9.81483;9.81483;0;104.385;-11.3353;-1109.03;5.46;83.3247;83.3247;1.52048;1.52048;5.46;0;1109.03;1.52048;87.3225;1;1;-0.0707000000000164;0.776500000000013
0.107735;0.107735;-0.000000457884;107.735;1.56051;1.56051;1.56051;-0.000457884;-9.81483;9.81483;0;107.735;-11.3753;-1109.07;5.58;84.0305;84.0305;1.56051;1.56051;5.58;0;1109.07;1.56051;87.4425;1;1;-0.176400000000001;0.705799999999996
0.110545;0.110546;-0.000000457884;110.546;1.59386;1.59386;1.59386;-0.000457884;-9.81483;9.81483;0;110.545;-11.4086;-1109.1;5.68;84.5599;84.5599;1.59386;1.59386;5.68;0;1109.1;1.59386;87.5425;1;1;-0.141199999999998;0.529399999999995
0.113369;0.113369;-0.000000457884;113.369;1.62717;1.62717;1.62717;-0.000457884;-9.81483;9.81483;0;113.369;-11.4419;-1109.13;5.78;84.9481;84.9481;1.62717;1.62717;5.78;0;1109.13;1.62717;87.6425;1;1;-0.247;0.388199999999998
0.113934;0.113935;-0.000000457884;113.935;1.63382;1.63382;1.63382;-0.000457884;-9.81483;9.81483;0;113.934;-11.4486;-1109.14;5.8;85.0893;85.0893;1.63382;1.63382;5.8;0;1109.14;1.63382;87.6625;1;1;0.564600000000013;0.141199999999998
0.117358;0.117358;-0.000000457884;117.358;1.67389;1.67389;1.67389;-0.000457884;-9.81483;9.81483;0;117.358;-11.4887;-1109.18;5.92;85.7951;85.7951;1.67389;1.67389;5.92;0;1109.18;1.67389;87.7825;1;1;-0.105800000000016;0.705800000000011
0.120227;0.120228;-0.000000457884;120.228;1.70722;1.70722;1.70722;-0.000457884;-9.81483;9.81483;0;120.227;-11.522;-1109.21;6.02;86.3951;86.3951;1.70722;1.70722;6.02;0;1109.21;1.70722;87.8825;1;1;-0.211799999999997;0.599999999999994
0.121959;0.12196;-0.000000457884;121.96;1.72722;1.72722;1.72722;-0.000457884;-9.81483;9.81483;0;121.959;-11.542;-1109.23;6.08;86.7833;86.7833;1.72722;1.72722;6.08;0;1109.23;1.72722;87.9425;1;1;0;0.388199999999998
0.123694;0.123695;-0.000000457884;123.695;1.74717;1.74717;1.74717;-0.000457884;-9.81483;9.81483;0;123.694;-11.5619;-1109.25;6.14;87.1715;87.1715;1.74717;1.74717;6.14;0;1109.25;1.74717;88.0025;1;1;0.247000000000014;0.388199999999998
0.126612;0.126612;-0.000000457884;126.612;1.78051;1.78051;1.78051;-0.000457884;-9.81483;9.81483;0;126.612;-11.5953;-1109.29;6.24;87.8067;87.8067;1.78051;1.78051;6.24;0;1109.29;1.78051;88.1025;1;1;0.211899999999986;0.635200000000012
0.130142;0.130143;-0.000000457884;130.143;1.82053;1.82053;1.82053;-0.000457884;-9.81483;9.81483;0;130.142;-11.6353;-1109.33;6.36;88.6538;88.6538;1.82053;1.82053;6.36;0;1109.33;1.82053;88.2225;1;1;-0.635400000000004;0.847099999999998
0.131324;0.131324;-0.000000457884;131.324;1.83384;1.83384;1.83384;-0.000457884;-9.81483;9.81483;0;131.324;-11.6486;-1109.34;6.4;88.8655;88.8655;1.83384;1.83384;6.4;0;1109.34;1.83384;88.2625;1;1;0.0354000000000099;0.211699999999993
0.133102;0.133102;-0.000000457884;133.102;1.85382;1.85382;1.85382;-0.000457884;-9.81483;9.81483;0;133.102;-11.6686;-1109.36;6.46;89.1126;89.1126;1.85382;1.85382;6.46;0;1109.36;1.85382;88.3225;1;1;0.458699999999993;0.247100000000003
0.136684;0.136684;-0.000000457884;136.684;1.89386;1.89386;1.89386;-0.000457884;-9.81483;9.81483;0;136.684;-11.7086;-1109.4;6.58;89.8184;89.8184;1.89386;1.89386;6.58;0;1109.4;1.89386;88.4425;1;1;-0.352899999999991;0.705799999999996
0.139684;0.139685;-0.000000457884;139.685;1.9272;1.9272;1.9272;-0.000457884;-9.81483;9.81483;0;139.684;-11.742;-1109.43;6.68;90.1713;90.1713;1.9272;1.9272;6.68;0;1109.43;1.9272;88.5425;1;1;-0.247000000000014;0.352900000000005
0.140287;0.140287;-0.000000457884;140.287;1.93387;1.93387;1.93387;-0.000457884;-9.81483;9.81483;0;140.287;-11.7487;-1109.44;6.7;90.2772;90.2772;1.93387;1.93387;6.7;0;1109.44;1.93387;88.5625;1;1;0.423500000000018;0.105899999999991
0.143298;0.143298;-0.000000457884;143.298;1.96713;1.96713;1.96713;-0.000457884;-9.81483;9.81483;0;143.298;-11.7819;-1109.47;6.8;90.8066;90.8066;1.96713;1.96713;6.8;0;1109.47;1.96713;88.6625;1;1;-0.10590000000002;0.52940000000001
0.146945;0.146945;-0.000000457884;146.945;2.0072;2.0072;2.0072;-0.000457884;-9.81483;9.81483;0;146.945;-11.822;-1109.51;6.92;91.2301;91.2301;2.0072;2.0072;6.92;0;1109.51;2.0072;88.7825;1;1;0;0.42349999999999
0.149389;0.149389;-0.000000457884;149.389;2.03393;2.03393;2.03393;-0.000457884;-9.81483;9.81483;0;149.389;-11.8487;-1109.54;7;91.6536;91.6536;2.03393;2.03393;7;0;1109.54;2.03393;88.8625;1;1;-0.317599999999999;0.423500000000004
0.149999;0.149999;-0.000000457884;149.999;2.04058;2.04058;2.04058;-0.000457884;-9.81483;9.81483;0;149.999;-11.8554;-1109.55;7.02;91.7595;91.7595;2.04058;2.04058;7.02;0;1109.55;2.04058;88.8825;1;1;0.282299999999992;0.105900000000005
0.153671;0.153671;-0.000000457884;153.671;2.08051;2.08051;2.08051;-0.000457884;-9.81483;9.81483;0;153.671;-11.8953;-1109.59;7.14;92.1477;92.1477;2.08051;2.08051;7.14;0;1109.59;2.08051;89.0025;1;1;0.211700000000008;0.388199999999998
0.156752;0.156752;-0.000000457884;156.752;2.11384;2.11384;2.11384;-0.000457884;-9.81483;9.81483;0;156.752;-11.9286;-1109.62;7.24;92.7476;92.7476;2.11384;2.11384;7.24;0;1109.62;2.11384;89.1025;1;1;-0.246900000000011;0.599900000000005
0.15923;0.159231;-0.000000457884;159.231;2.14051;2.14051;2.14051;-0.000457884;-9.81483;9.81483;0;159.23;-11.9553;-1109.65;7.32;93.1006;93.1006;2.14051;2.14051;7.32;0;1109.65;2.14051;89.1825;1;1;-0.176599999999993;0.352999999999994
0.160475;0.160476;-0.000000457884;160.476;2.15387;2.15387;2.15387;-0.000457884;-9.81483;9.81483;0;160.475;-11.9687;-1109.66;7.36;93.277;93.277;2.15387;2.15387;7.36;0;1109.66;2.15387;89.2225;1;1;0.211799999999997;0.176400000000001
0.163589;0.163589;-0.000000457884;163.589;2.18718;2.18718;2.18718;-0.000457884;-9.81483;9.81483;0;163.589;-12.002;-1109.69;7.46;93.6652;93.6652;2.18718;2.18718;7.46;0;1109.69;2.18718;89.3225;1;1;0.211799999999997;0.388199999999998
0.167343;0.167343;-0.000000457884;167.343;2.22713;2.22713;2.22713;-0.000457884;-9.81483;9.81483;0;167.343;-12.0419;-1109.73;7.58;94.2652;94.2652;2.22713;2.22713;7.58;0;1109.73;2.22713;89.4425;1;1;-0.458799999999982;0.599999999999994
0.169236;0.169236;-0.000000457884;169.236;2.2472;2.2472;2.2472;-0.000457884;-9.81483;9.81483;0;169.236;-12.062;-1109.75;7.64;94.4064;94.4064;2.2472;2.2472;7.64;0;1109.75;2.2472;89.5025;1;1;-0.0354000000000099;0.141200000000012
0.170492;0.170492;-0.000000457884;170.492;2.2605;2.2605;2.2605;-0.000457884;-9.81483;9.81483;0;170.492;-12.0753;-1109.77;7.68;94.5122;94.5122;2.2605;2.2605;7.68;0;1109.77;2.2605;89.5425;1;1;0.176599999999993;0.105800000000002
0.174279;0.17428;-0.000000457884;174.28;2.30051;2.30051;2.30051;-0.000457884;-9.81483;9.81483;0;174.279;-12.1153;-1109.81;7.8;94.7946;94.7946;2.30051;2.30051;7.8;0;1109.81;2.30051;89.6625;1;1;0.352800000000002;0.282399999999996
0.178084;0.178084;-0.000000457884;178.084;2.34051;2.34051;2.34051;-0.000457884;-9.81483;9.81483;0;178.084;-12.1553;-1109.85;7.92;95.4298;95.4298;2.34051;2.34051;7.92;0;1109.85;2.34051;89.7825;1;1;-0.494;0.635199999999998
0.17936;0.17936;-0.000000457884;179.36;2.35387;2.35387;2.35387;-0.000457884;-9.81483;9.81483;0;179.36;-12.1687;-1109.86;7.96;95.571;95.571;2.35387;2.35387;7.96;0;1109.86;2.35387;89.8225;1;1;0.176400000000001;0.141199999999998
0.181278;0.181278;-0.000000457884;181.278;2.37391;2.37391;2.37391;-0.000457884;-9.81483;9.81483;0;181.278;-12.1887;-1109.88;8.02;95.8886;95.8886;2.37391;2.37391;8.02;0;1109.88;2.37391;89.8825;1;1;-0.176400000000001;0.317599999999999
0.185113;0.185113;-0.000000457884;185.113;2.41387;2.41387;2.41387;-0.000457884;-9.81483;9.81483;0;185.113;-12.2287;-1109.92;8.14;96.0298;96.0298;2.41387;2.41387;8.14;0;1109.92;2.41387;90.0025;1;1;0.0706000000000131;0.141199999999998
0.188312;0.188312;-0.000000457884;188.312;2.44715;2.44715;2.44715;-0.000457884;-9.81483;9.81483;0;188.312;-12.2619;-1109.95;8.24;96.2416;96.2416;2.44715;2.44715;8.24;0;1109.95;2.44715;90.1025;1;1;-0.000100000000017531;0.211800000000011
0.189599;0.1896;-0.000000457884;189.6;2.46051;2.46051;2.46051;-0.000457884;-9.81483;9.81483;0;189.599;-12.2753;-1109.97;8.28;96.4533;96.4533;2.46051;2.46051;8.28;0;1109.97;2.46051;90.1425;1;1;0.141200000000012;0.211699999999993
0.192178;0.192179;-0.000000457884;192.179;2.4872;2.4872;2.4872;-0.000457884;-9.81483;9.81483;0;192.178;-12.302;-1109.99;8.36;96.8062;96.8062;2.4872;2.4872;8.36;0;1109.99;2.4872;90.2225;1;1;-0.141100000000009;0.352900000000005
0.195406;0.195407;-0.000000457884;195.407;2.52051;2.52051;2.52051;-0.000457884;-9.81483;9.81483;0;195.406;-12.3353;-1110.03;8.46;97.018;97.018;2.52051;2.52051;8.46;0;1110.03;2.52051;90.3225;1;1;0.458700000000007;0.211799999999997
0.199299;0.199299;-0.000000457884;199.299;2.5605;2.5605;2.5605;-0.000457884;-9.81483;9.81483;0;199.299;-12.3753;-1110.07;8.58;97.6885;97.6885;2.5605;2.5605;8.58;0;1110.07;2.5605;90.4425;1;1;-0.705800000000011;0.670500000000004
0.199947;0.199948;-0.000000457884;199.948;2.56713;2.56713;2.56713;-0.000457884;-9.81483;9.81483;0;199.947;-12.3819;-1110.07;8.6;97.6532;97.6532;2.56713;2.56713;8.6;0;1110.07;2.56713;90.4625;1;1;-0.141099999999994;-0.0353000000000065
0.202555;0.202555;-0.000000457884;202.555;2.59386;2.59386;2.59386;-0.000457884;-9.81483;9.81483;0;202.555;-12.4086;-1110.1;8.68;97.4768;97.4768;2.59386;2.59386;8.68;0;1110.1;2.59386;90.5425;1;1;0.0352000000000032;-0.176400000000001
0.206454;0.206455;-0.000000457884;206.455;2.63389;2.63389;2.63389;-0.000457884;-9.81483;9.81483;0;206.454;-12.4487;-1110.14;8.8;97.3356;97.3356;2.63389;2.63389;8.8;0;1110.14;2.63389;90.6625;1;1;0.494100000000003;-0.141199999999998
0.210345;0.210345;-0.000000457884;210.345;2.67379;2.67379;2.67379;-0.000457884;-9.81483;9.81483;0;210.345;-12.4886;-1110.18;8.92;97.6885;97.6885;2.67379;2.67379;8.92;0;1110.18;2.67379;90.7825;1;1;0.0705999999999847;0.352900000000005
0.213616;0.213616;-0.000000457884;213.616;2.7072;2.7072;2.7072;-0.000457884;-9.81483;9.81483;0;213.616;-12.522;-1110.21;9.02;98.112;98.112;2.7072;2.7072;9.02;0;1110.21;2.7072;90.8825;1;1;-0.14109999999998;0.42349999999999
0.217549;0.21755;-0.000000457884;217.55;2.74724;2.74724;2.74724;-0.000457884;-9.81483;9.81483;0;217.549;-12.562;-1110.25;9.14;98.3944;98.3944;2.74724;2.74724;9.14;0;1110.25;2.74724;91.0025;1;1;-0.141300000000015;0.28240000000001
0.220172;0.220173;-0.000000457884;220.173;2.77387;2.77387;2.77387;-0.000457884;-9.81483;9.81483;0;220.172;-12.5887;-1110.28;9.22;98.5355;98.5355;2.77387;2.77387;9.22;0;1110.28;2.77387;91.0825;1;1;-0.141099999999994;0.141099999999994
0.22083;0.22083;-0.000000457884;220.83;2.78055;2.78055;2.78055;-0.000457884;-9.81483;9.81483;0;220.83;-12.5953;-1110.29;9.24;98.5355;98.5355;2.78055;2.78055;9.24;0;1110.29;2.78055;91.1025;1;1;0.352999999999994;0
0.224777;0.224777;-0.000000457884;224.777;2.82053;2.82053;2.82053;-0.000457884;-9.81483;9.81483;0;224.777;-12.6353;-1110.33;9.36;98.8885;98.8885;2.82053;2.82053;9.36;0;1110.33;2.82053;91.2225;1;1;-0.176599999999993;0.352999999999994
0.228077;0.228077;-0.000000457884;228.077;2.85387;2.85387;2.85387;-0.000457884;-9.81483;9.81483;0;228.077;-12.6687;-1110.36;9.46;99.0649;99.0649;2.85387;2.85387;9.46;0;1110.36;2.85387;91.3225;1;1;-0.423400000000001;0.176400000000001
0.230712;0.230713;-0.000000457884;230.713;2.88051;2.88051;2.88051;-0.000457884;-9.81483;9.81483;0;230.712;-12.6953;-1110.39;9.54;98.8179;98.8179;2.88051;2.88051;9.54;0;1110.39;2.88051;91.4025;1;1;0.282300000000006;-0.247
0.232026;0.232027;-0.000000457884;232.027;2.89381;2.89381;2.89381;-0.000457884;-9.81483;9.81483;0;232.026;-12.7086;-1110.4;9.58;98.8532;98.8532;2.89381;2.89381;9.58;0;1110.4;2.89381;91.4425;1;1;0.317599999999999;0.0353000000000065
0.23533;0.235331;-0.000000457884;235.331;2.92717;2.92717;2.92717;-0.000457884;-9.81483;9.81483;0;235.33;-12.7419;-1110.43;9.68;99.2061;99.2061;2.92717;2.92717;9.68;0;1110.43;2.92717;91.5425;1;1;-0.0353000000000065;0.352900000000005
0.239305;0.239305;-0.000000457884;239.305;2.96717;2.96717;2.96717;-0.000457884;-9.81483;9.81483;0;239.305;-12.7819;-1110.47;9.8;99.5237;99.5237;2.96717;2.96717;9.8;0;1110.47;2.96717;91.6625;1;1;-0.317599999999999;0.317599999999999
0.241293;0.241294;-0.000000457884;241.294;2.98715;2.98715;2.98715;-0.000457884;-9.81483;9.81483;0;241.293;-12.8019;-1110.49;9.86;99.5237;99.5237;2.98715;2.98715;9.86;0;1110.49;2.98715;91.7225;1;1;0.0352999999999923;0
0.243284;0.243285;-0.000000457884;243.285;3.00715;3.00715;3.00715;-0.000457884;-9.81483;9.81483;0;243.284;-12.8219;-1110.51;9.92;99.559;99.559;3.00715;3.00715;9.92;0;1110.51;3.00715;91.7825;1;1;0.352900000000005;0.0352999999999923
0.246612;0.246613;-0.000000457884;246.613;3.04051;3.04051;3.04051;-0.000457884;-9.81483;9.81483;0;246.612;-12.8553;-1110.55;10.02;99.9472;99.9472;3.04051;3.04051;10.02;0;1110.55;3.04051;91.8825;1;1;0.141600000000011;0.388199999999998
0.250631;0.250632;-0.000000457884;250.632;3.08062;3.08062;3.08062;-0.000457884;-9.81483;9.81483;0;250.631;-12.8954;-1110.59;10.14;100.477;100.477;3.08062;3.08062;10.14;0;1110.59;3.08062;92.0025;1;1;-0.424800000000019;0.529800000000009
0.2513;0.251301;-0.000000457884;251.301;3.08727;3.08727;3.08727;-0.000457884;-9.81483;9.81483;0;251.3;-12.902;-1110.59;10.16;100.582;100.582;3.08727;3.08727;10.16;0;1110.59;3.08727;92.0225;1;1;0.107000000000014;0.10499999999999
0.253977;0.253978;-0.000000457884;253.978;3.11386;3.11386;3.11386;-0.000457884;-9.81483;9.81483;0;253.977;-12.9286;-1110.62;10.24;100.794;100.794;3.11386;3.11386;10.24;0;1110.62;3.11386;92.1025;1;1;0.0349999999999966;0.212000000000003
0.258012;0.258013;-0.000000457884;258.013;3.15384;3.15384;3.15384;-0.000457884;-9.81483;9.81483;0;258.012;-12.9686;-1110.66;10.36;101.041;101.041;3.15384;3.15384;10.36;0;1110.66;3.15384;92.2225;1;1;-0.0699999999999932;0.247
0.261389;0.26139;-0.000000457884;261.39;3.18724;3.18724;3.18724;-0.000457884;-9.81483;9.81483;0;261.389;-13.002;-1110.69;10.46;101.218;101.218;3.18724;3.18724;10.46;0;1110.69;3.18724;92.3225;1;1;-0.107000000000014;0.177000000000007
0.262063;0.262064;-0.000000457884;262.064;3.19389;3.19389;3.19389;-0.000457884;-9.81483;9.81483;0;262.063;-13.0087;-1110.7;10.48;101.288;101.288;3.19389;3.19389;10.48;0;1110.7;3.19389;92.3425;1;1;0.63600000000001;0.0699999999999932
0.265445;0.265446;-0.000000457884;265.446;3.22717;3.22717;3.22717;-0.000457884;-9.81483;9.81483;0;265.445;-13.0419;-1110.73;10.58;101.994;101.994;3.22717;3.22717;10.58;0;1110.73;3.22717;92.4425;1;1;0.212000000000003;0.706000000000003
0.268858;0.268859;-0.000000457884;268.859;3.26048;3.26048;3.26048;-0.000457884;-9.81483;9.81483;0;268.858;-13.0753;-1110.77;10.68;102.912;102.912;3.26048;3.26048;10.68;0;1110.77;3.26048;92.5425;1;1;-0.354000000000013;0.918000000000006
0.27299;0.27299;-0.000000457884;272.99;3.30051;3.30051;3.30051;-0.000457884;-9.81483;9.81483;0;272.99;-13.1153;-1110.81;10.8;103.476;103.476;3.30051;3.30051;10.8;0;1110.81;3.30051;92.6625;1;1;0.63600000000001;0.563999999999993
0.277153;0.277153;-0.000000457884;277.153;3.34051;3.34051;3.34051;-0.000457884;-9.81483;9.81483;0;277.153;-13.1553;-1110.85;10.92;104.676;104.676;3.34051;3.34051;10.92;0;1110.85;3.34051;92.7825;1;1;-0.600000000000009;1.2
0.280649;0.28065;-0.000000457884;280.65;3.37382;3.37382;3.37382;-0.000457884;-9.81483;9.81483;0;280.649;-13.1886;-1110.88;11.02;105.276;105.276;3.37382;3.37382;11.02;0;1110.88;3.37382;92.8825;1;1;0;0.599999999999994
0.283473;0.283473;-0.000000457884;283.473;3.40056;3.40056;3.40056;-0.000457884;-9.81483;9.81483;0;283.473;-13.2153;-1110.91;11.1;105.876;105.876;3.40056;3.40056;11.1;0;1110.91;3.40056;92.9625;1;1;-0.317000000000007;0.600000000000009
0.284889;0.28489;-0.000000457884;284.89;3.41393;3.41393;3.41393;-0.000457884;-9.81483;9.81483;0;284.889;-13.2287;-1110.92;11.14;106.159;106.159;3.41393;3.41393;11.14;0;1110.92;3.41393;93.0025;1;1;0.280999999999992;0.283000000000001
0.288433;0.288434;-0.000000457884;288.434;3.44722;3.44722;3.44722;-0.000457884;-9.81483;9.81483;0;288.433;-13.262;-1110.95;11.24;106.723;106.723;3.44722;3.44722;11.24;0;1110.95;3.44722;93.1025;1;1;0.107000000000014;0.563999999999993
0.292714;0.292714;-0.000000457884;292.714;3.4872;3.4872;3.4872;-0.000457884;-9.81483;9.81483;0;292.714;-13.302;-1110.99;11.36;107.394;107.394;3.4872;3.4872;11.36;0;1110.99;3.4872;93.2225;1;1;-0.177000000000007;0.671000000000007
0.295586;0.295587;-0.000000457884;295.587;3.51389;3.51389;3.51389;-0.000457884;-9.81483;9.81483;0;295.586;-13.3287;-1111.02;11.44;107.888;107.888;3.51389;3.51389;11.44;0;1111.02;3.51389;93.3025;1;1;-0.318000000000012;0.494
0.296303;0.296304;-0.000000457884;296.304;3.52053;3.52053;3.52053;-0.000457884;-9.81483;9.81483;0;296.303;-13.3353;-1111.03;11.46;108.064;108.064;3.52053;3.52053;11.46;0;1111.03;3.52053;93.3225;1;1;0.495000000000019;0.175999999999988
0.300637;0.300638;-0.000000457884;300.638;3.56051;3.56051;3.56051;-0.000457884;-9.81483;9.81483;0;300.637;-13.3753;-1111.07;11.58;108.735;108.735;3.56051;3.56051;11.58;0;1111.07;3.56051;93.4425;1;1;-0.318000000000012;0.671000000000007
0.304265;0.304266;-0.000000457884;304.266;3.59382;3.59382;3.59382;-0.000457884;-9.81483;9.81483;0;304.265;-13.4086;-1111.1;11.68;109.088;109.088;3.59382;3.59382;11.68;0;1111.1;3.59382;93.5425;1;1;-0.0349999999999824;0.352999999999994
0.307177;0.307178;-0.000000457884;307.178;3.62048;3.62048;3.62048;-0.000457884;-9.81483;9.81483;0;307.177;-13.4353;-1111.13;11.76;109.406;109.406;3.62048;3.62048;11.76;0;1111.13;3.62048;93.6225;1;1;-0.0360000000000156;0.318000000000012
0.308645;0.308645;-0.000000457884;308.645;3.63387;3.63387;3.63387;-0.000457884;-9.81483;9.81483;0;308.645;-13.4487;-1111.14;11.8;109.688;109.688;3.63387;3.63387;11.8;0;1111.14;3.63387;93.6625;1;1;0.459000000000003;0.281999999999996
0.313045;0.313046;-0.000000457884;313.046;3.67386;3.67386;3.67386;-0.000457884;-9.81483;9.81483;0;313.045;-13.4886;-1111.18;11.92;110.429;110.429;3.67386;3.67386;11.92;0;1111.18;3.67386;93.7825;1;1;0.0349999999999966;0.741
0.316731;0.316731;-0.000000457884;316.731;3.70712;3.70712;3.70712;-0.000457884;-9.81483;9.81483;0;316.731;-13.5219;-1111.21;12.02;111.205;111.205;3.70712;3.70712;12.02;0;1111.21;3.70712;93.8825;1;1;-0.210999999999999;0.775999999999996
0.318964;0.318965;-0.000000457884;318.965;3.72715;3.72715;3.72715;-0.000457884;-9.81483;9.81483;0;318.964;-13.5419;-1111.23;12.08;111.77;111.77;3.72715;3.72715;12.08;0;1111.23;3.72715;93.9425;1;1;-0.140999999999991;0.564999999999998
0.321212;0.321212;-0.000000457884;321.212;3.74722;3.74722;3.74722;-0.000457884;-9.81483;9.81483;0;321.212;-13.562;-1111.25;12.14;112.194;112.194;3.74722;3.74722;12.14;0;1111.25;3.74722;94.0025;1;1;-0.107000000000014;0.424000000000007
0.324964;0.324964;-0.000000457884;324.964;3.78062;3.78062;3.78062;-0.000457884;-9.81483;9.81483;0;324.964;-13.5954;-1111.29;12.24;112.511;112.511;3.78062;3.78062;12.24;0;1111.29;3.78062;94.1025;1;1;0.248000000000005;0.316999999999993
0.32946;0.329461;-0.000000457884;329.461;3.82048;3.82048;3.82048;-0.000457884;-9.81483;9.81483;0;329.46;-13.6353;-1111.33;12.36;113.076;113.076;3.82048;3.82048;12.36;0;1111.33;3.82048;94.2225;1;1;-0.388999999999996;0.564999999999998
0.330968;0.330969;-0.000000457884;330.969;3.83381;3.83381;3.83381;-0.000457884;-9.81483;9.81483;0;330.968;-13.6486;-1111.34;12.4;113.252;113.252;3.83381;3.83381;12.4;0;1111.34;3.83381;94.2625;1;1;0.213000000000008;0.176000000000002
0.333239;0.33324;-0.000000457884;333.24;3.85382;3.85382;3.85382;-0.000457884;-9.81483;9.81483;0;333.239;-13.6686;-1111.36;12.46;113.641;113.641;3.85382;3.85382;12.46;0;1111.36;3.85382;94.3225;1;1;0.245999999999981;0.38900000000001
0.337805;0.337806;-0.000000457884;337.806;3.89389;3.89389;3.89389;-0.000457884;-9.81483;9.81483;0;337.805;-13.7087;-1111.4;12.58;114.276;114.276;3.89389;3.89389;12.58;0;1111.4;3.89389;94.4425;1;1;-0.140999999999991;0.634999999999991
0.341614;0.341615;-0.000000457884;341.615;3.92715;3.92715;3.92715;-0.000457884;-9.81483;9.81483;0;341.614;-13.7419;-1111.43;12.68;114.77;114.77;3.92715;3.92715;12.68;0;1111.43;3.92715;94.5425;1;1;-0.352999999999994;0.494
0.342382;0.342383;-0.000000457884;342.383;3.93384;3.93384;3.93384;-0.000457884;-9.81483;9.81483;0;342.382;-13.7486;-1111.44;12.7;114.911;114.911;3.93384;3.93384;12.7;0;1111.44;3.93384;94.5625;1;1;0.387999999999991;0.141000000000005
0.346227;0.346227;-0.000000457884;346.227;3.96722;3.96722;3.96722;-0.000457884;-9.81483;9.81483;0;346.227;-13.782;-1111.47;12.8;115.44;115.44;3.96722;3.96722;12.8;0;1111.47;3.96722;94.6625;1;1;-0.0339999999999918;0.528999999999996
0.350852;0.350853;-0.000000457884;350.853;4.0072;4.0072;4.0072;-0.000457884;-9.81483;9.81483;0;350.852;-13.822;-1111.51;12.92;115.935;115.935;4.0072;4.0072;12.92;0;1111.51;4.0072;94.7825;1;1;-0.107000000000014;0.495000000000005
0.354717;0.354717;-0.000000457884;354.717;4.04048;4.04048;4.04048;-0.000457884;-9.81483;9.81483;0;354.717;-13.8553;-1111.55;13.02;116.323;116.323;4.04048;4.04048;13.02;0;1111.55;4.04048;94.8825;1;1;0.353000000000009;0.387999999999991
0.359389;0.359389;-0.000000457884;359.389;4.08051;4.08051;4.08051;-0.000457884;-9.81483;9.81483;0;359.389;-13.8953;-1111.59;13.14;117.064;117.064;4.08051;4.08051;13.14;0;1111.59;4.08051;95.0025;1;1;0.106000000000009;0.741
0.363312;0.363313;-0.000000457884;363.313;4.11391;4.11391;4.11391;-0.000457884;-9.81483;9.81483;0;363.312;-13.9287;-1111.62;13.24;117.911;117.911;4.11391;4.11391;13.24;0;1111.62;4.11391;95.1025;1;1;-0.635000000000005;0.847000000000008
0.366456;0.366456;-0.000000457884;366.456;4.14055;4.14055;4.14055;-0.000457884;-9.81483;9.81483;0;366.456;-13.9553;-1111.65;13.32;118.123;118.123;4.14055;4.14055;13.32;0;1111.65;4.14055;95.1825;1;1;-0.106000000000009;0.212000000000003
0.368027;0.368027;-0.000000457884;368.027;4.15384;4.15384;4.15384;-0.000457884;-9.81483;9.81483;0;368.027;-13.9686;-1111.66;13.36;118.229;118.229;4.15384;4.15384;13.36;0;1111.66;4.15384;95.2225;1;1;0.0700000000000074;0.105999999999995
0.371976;0.371977;-0.000000457884;371.977;4.18722;4.18722;4.18722;-0.000457884;-9.81483;9.81483;0;371.976;-14.002;-1111.69;13.46;118.405;118.405;4.18722;4.18722;13.46;0;1111.69;4.18722;95.3225;1;1;0.423999999999992;0.176000000000002
0.376722;0.376723;-0.000000457884;376.723;4.2272;4.2272;4.2272;-0.000457884;-9.81483;9.81483;0;376.722;-14.042;-1111.73;13.58;119.005;119.005;4.2272;4.2272;13.58;0;1111.73;4.2272;95.4425;1;1;-0.281999999999996;0.599999999999994
0.379104;0.379104;-0.000000457884;379.104;4.24718;4.24718;4.24718;-0.000457884;-9.81483;9.81483;0;379.104;-14.062;-1111.75;13.64;119.323;119.323;4.24718;4.24718;13.64;0;1111.75;4.24718;95.5025;1;1;0.0350000000000108;0.317999999999998
0.380698;0.380699;-0.000000457884;380.699;4.26053;4.26053;4.26053;-0.000457884;-9.81483;9.81483;0;380.698;-14.0753;-1111.77;13.68;119.676;119.676;4.26053;4.26053;13.68;0;1111.77;4.26053;95.5425;1;1;0.951999999999984;0.353000000000009
0.385505;0.385506;-0.000000457884;385.506;4.30048;4.30048;4.30048;-0.000457884;-9.81483;9.81483;0;385.505;-14.1153;-1111.81;13.8;120.981;120.981;4.30048;4.30048;13.8;0;1111.81;4.30048;95.6625;1;1;-0.527999999999992;1.30499999999999
0.390364;0.390365;-0.000000457884;390.365;4.34051;4.34051;4.34051;-0.000457884;-9.81483;9.81483;0;390.364;-14.1553;-1111.85;13.92;121.758;121.758;4.34051;4.34051;13.92;0;1111.85;4.34051;95.7825;1;1;-0.49499999999999;0.777000000000001
0.391989;0.391989;-0.000000457884;391.989;4.35384;4.35384;4.35384;-0.000457884;-9.81483;9.81483;0;391.989;-14.1686;-1111.86;13.96;122.04;122.04;4.35384;4.35384;13.96;0;1111.86;4.35384;95.8225;1;1;0.176999999999978;0.282000000000011
0.394434;0.394435;-0.000000457884;394.435;4.37384;4.37384;4.37384;-0.000457884;-9.81483;9.81483;0;394.434;-14.1886;-1111.88;14.02;122.499;122.499;4.37384;4.37384;14.02;0;1111.88;4.37384;95.8825;1;1;0.0350000000000108;0.458999999999989
0.399344;0.399344;-0.000000457884;399.344;4.41384;4.41384;4.41384;-0.000457884;-9.81483;9.81483;0;399.344;-14.2286;-1111.92;14.14;122.993;122.993;4.41384;4.41384;14.14;0;1111.92;4.41384;96.0025;1;1;0.247;0.494
0.403464;0.403464;-0.000000457884;403.464;4.44724;4.44724;4.44724;-0.000457884;-9.81483;9.81483;0;403.464;-14.262;-1111.95;14.24;123.734;123.734;4.44724;4.44724;14.24;0;1111.95;4.44724;96.1025;1;1;-0.494;0.741
0.40429;0.404291;-0.000000457884;404.291;4.45391;4.45391;4.45391;-0.000457884;-9.81483;9.81483;0;404.29;-14.2687;-1111.96;14.26;123.981;123.981;4.45391;4.45391;14.26;0;1111.96;4.45391;96.1225;1;1;0.812000000000012;0.247
0.408438;0.408438;-0.000000457884;408.438;4.48722;4.48722;4.48722;-0.000457884;-9.81483;9.81483;0;408.438;-14.302;-1111.99;14.36;125.04;125.04;4.48722;4.48722;14.36;0;1111.99;4.48722;96.2225;1;1;-0.671000000000021;1.05900000000001
0.412607;0.412608;-0.000000457884;412.608;4.52051;4.52051;4.52051;-0.000457884;-9.81483;9.81483;0;412.607;-14.3353;-1112.03;14.46;125.428;125.428;4.52051;4.52051;14.46;0;1112.03;4.52051;96.3225;1;1;1.16500000000001;0.387999999999991
0.41766;0.41766;-0.000000457884;417.66;4.56055;4.56055;4.56055;-0.000457884;-9.81483;9.81483;0;417.66;-14.3753;-1112.07;14.58;126.981;126.981;4.56055;4.56055;14.58;0;1112.07;4.56055;96.4425;1;1;-0.0349999999999966;1.553
0.421915;0.421915;-0.000000457884;421.915;4.59386;4.59386;4.59386;-0.000457884;-9.81483;9.81483;0;421.915;-14.4086;-1112.1;14.68;128.499;128.499;4.59386;4.59386;14.68;0;1112.1;4.59386;96.5425;1;1;-0.0360000000000014;1.518
0.427082;0.427083;-0.000000457884;427.083;4.63384;4.63384;4.63384;-0.000457884;-9.81483;9.81483;0;427.082;-14.4486;-1112.14;14.8;129.981;129.981;4.63384;4.63384;14.8;0;1112.14;4.63384;96.6625;1;1;-0.35299999999998;1.482
0.431437;0.431438;-0.000000457884;431.438;4.6672;4.6672;4.6672;-0.000457884;-9.81483;9.81483;0;431.437;-14.482;-1112.17;14.9;131.11;131.11;4.6672;4.6672;14.9;0;1112.17;4.6672;96.7625;1;1;-0.847000000000037;1.12900000000002
0.432313;0.432314;-0.000000457884;432.314;4.67387;4.67387;4.67387;-0.000457884;-9.81483;9.81483;0;432.313;-14.4887;-1112.18;14.92;131.392;131.392;4.67387;4.67387;14.92;0;1112.18;4.67387;96.7825;1;1;0.707000000000022;0.281999999999982
0.436709;0.436709;-0.000000457884;436.709;4.7072;4.7072;4.7072;-0.000457884;-9.81483;9.81483;0;436.709;-14.522;-1112.21;15.02;132.381;132.381;4.7072;4.7072;15.02;0;1112.21;4.7072;96.8825;1;1;0.352000000000004;0.989000000000004
0.442026;0.442027;-0.000000457884;442.027;4.74717;4.74717;4.74717;-0.000457884;-9.81483;9.81483;0;442.026;-14.5619;-1112.25;15.14;133.722;133.722;4.74717;4.74717;15.14;0;1112.25;4.74717;97.0025;1;1;-1.16500000000002;1.34100000000001
0.4456;0.4456;-0.000000457884;445.6;4.77387;4.77387;4.77387;-0.000457884;-9.81483;9.81483;0;445.6;-14.5887;-1112.28;15.22;133.898;133.898;4.77387;4.77387;15.22;0;1112.28;4.77387;97.0825;1;1;-0.139999999999986;0.175999999999988
0.446493;0.446494;-0.000000457884;446.494;4.78055;4.78055;4.78055;-0.000457884;-9.81483;9.81483;0;446.493;-14.5953;-1112.29;15.24;133.934;133.934;4.78055;4.78055;15.24;0;1112.29;4.78055;97.1025;1;1;1.23400000000001;0.0360000000000014
0.451878;0.451879;-0.000000457884;451.879;4.82056;4.82056;4.82056;-0.000457884;-9.81483;9.81483;0;451.878;-14.6353;-1112.33;15.36;135.204;135.204;4.82056;4.82056;15.36;0;1112.33;4.82056;97.2225;1;1;0.000999999999976353;1.27000000000001
0.457303;0.457303;-0.000000457884;457.303;4.8605;4.8605;4.8605;-0.000457884;-9.81483;9.81483;0;457.303;-14.6753;-1112.37;15.48;136.475;136.475;4.8605;4.8605;15.48;0;1112.37;4.8605;97.3425;1;1;-0.918999999999983;1.27099999999999
0.460038;0.460038;-0.000000457884;460.038;4.88051;4.88051;4.88051;-0.000457884;-9.81483;9.81483;0;460.038;-14.6953;-1112.39;15.54;136.827;136.827;4.88051;4.88051;15.54;0;1112.39;4.88051;97.4025;1;1;-0.0339999999999918;0.352000000000004
0.462778;0.462778;-0.000000457884;462.778;4.90051;4.90051;4.90051;-0.000457884;-9.81483;9.81483;0;462.778;-14.7153;-1112.41;15.6;137.145;137.145;4.90051;4.90051;15.6;0;1112.41;4.90051;97.4625;1;1;0.0699999999999648;0.318000000000012
0.468276;0.468276;-0.000000457884;468.276;4.94055;4.94055;4.94055;-0.000457884;-9.81483;9.81483;0;468.276;-14.7553;-1112.45;15.72;137.533;137.533;4.94055;4.94055;15.72;0;1112.45;4.94055;97.5825;1;1;0.177000000000049;0.387999999999977
0.472862;0.472862;-0.000000457884;472.862;4.97382;4.97382;4.97382;-0.000457884;-9.81483;9.81483;0;472.862;-14.7886;-1112.48;15.82;138.098;138.098;4.97382;4.97382;15.82;0;1112.48;4.97382;97.6825;1;1;-0.53000000000003;0.565000000000026
0.473776;0.473777;-0.000000457884;473.777;4.98044;4.98044;4.98044;-0.000457884;-9.81483;9.81483;0;473.776;-14.7952;-1112.49;15.84;138.133;138.133;4.98044;4.98044;15.84;0;1112.49;4.98044;97.7025;1;1;-0.705000000000013;0.0349999999999966
0.475323;0.475323;-0.000000457884;475.323;4.99167;4.99167;4.99167;-0.000457884;-9.81483;9.81483;0;475.323;-14.8064;-1112.5;15.88;137.463;137.463;4.99167;4.99167;15.88;0;1112.5;4.99167;97.7425;1;1;-1.97699999999998;-0.670000000000016
0.476201;0.476201;-0.000000457884;476.201;4.99812;4.99812;4.99812;-0.000457884;-9.81483;9.81483;0;476.201;-14.8129;-1112.5;15.96;134.816;134.816;4.99812;4.99812;15.96;0;1112.5;4.99812;97.8225;1;1;0;-2.64699999999999
0.476433;0.476434;-0.000000457884;476.434;4.99986;4.99986;4.99986;-0.000457884;-9.81483;9.81483;0;476.433;-14.8146;-1112.5;16.08;132.169;132.169;4.99986;4.99986;16.08;0;1112.5;4.99986;97.9425;1;1;1.30599999999998;-2.64699999999999
0.476454;0.476454;-0.000000457884;476.454;5.00001;5.00001;5.00001;-0.000457884;-9.81483;9.81483;0;476.454;-14.8148;-1112.5;16.18;130.828;130.828;5.00001;5.00001;16.18;0;1112.5;5.00001;98.0425;1;1;0.317000000000007;-1.34100000000001
0.47646;0.476461;-0.000000457884;476.461;5.00006;5.00006;5.00006;-0.000457884;-9.81483;9.81483;0;476.46;-14.8148;-1112.5;16.3;129.804;129.804;5.00006;5.00006;16.3;0;1112.5;5.00006;98.1625;1;1;0.424000000000007;-1.024
0.476463;0.476463;-0.000000457884;476.463;5.00008;5.00008;5.00008;-0.000457884;-9.81483;9.81483;0;476.463;-14.8149;-1112.5;16.42;129.204;129.204;5.00008;5.00008;16.42;0;1112.5;5.00008;98.2825;1;1;0.176999999999993;-0.599999999999994
0.476463;0.476463;-0.000000457884;476.463;5.00008;5.00008;5.00008;-0.000457884;-9.81483;9.81483;0;476.463;-14.8149;-1112.5;16.52;128.781;128.781;5.00008;5.00008;16.52;0;1112.5;5.00008;98.3825;1;1;0.0699999999999932;-0.423000000000002
0.476463;0.476463;-0.000000457884;476.463;5.00008;5.00008;5.00008;-0.000457884;-9.81483;9.81483;0;476.463;-14.8149;-1112.5;16.66;128.428;128.428;5.00008;5.00008;16.66;0;1112.5;5.00008;98.5225;1;1;0.035000000000025;-0.353000000000009
0.47646;0.476463;-0.00000272093;476.463;5.00006;5.00006;5.00006;-0.00272093;-9.81483;9.81483;0;476.46;-14.8148;-1112.5;16.8;128.11;128.11;5.00006;5.00006;16.8;0;1112.5;5.00006;98.6625;1;1;-5.68100000000004;-0.317999999999984
0.475509;0.476463;-0.000953957;476.463;4.99246;4.99246;4.99246;-0.953957;-9.81483;9.81483;0;475.509;-14.8072;-1112.5;16.94;122.111;122.111;4.99246;4.99246;16.94;0;1112.5;4.99246;98.8025;1;1;-41.681;-5.99900000000001
0.471929;0.476463;-0.00453409;476.463;4.95603;4.95603;4.95603;-4.53409;-9.81483;9.81483;0;471.929;-14.7708;-1112.46;17.06;74.431;74.431;4.95603;4.95603;17.06;0;1112.46;4.95603;98.9225;1;1;34.8337;-47.68
0.469654;0.476463;-0.00680884;476.463;4.92258;4.92258;4.92258;-6.80884;-9.81483;9.81483;0;469.654;-14.7374;-1112.43;17.16;61.5847;61.5847;4.92258;4.92258;17.16;0;1112.43;4.92258;99.0225;1;1;7.69369999999999;-12.8463
0.467691;0.476463;-0.00877238;476.463;4.88931;4.88931;4.88931;-8.77238;-9.81483;9.81483;0;467.691;-14.7041;-1112.39;17.26;56.4321;56.4321;4.88931;4.88931;17.26;0;1112.39;4.88931;99.1225;1;1;4.0232;-5.1526
0.467319;0.476463;-0.00914419;476.463;4.88265;4.88265;4.88265;-9.14419;-9.81483;9.81483;0;467.319;-14.6974;-1112.39;17.28;55.3027;55.3027;4.88265;4.88265;17.28;0;1112.39;4.88265;99.1425;1;1;-4.0232;-1.1294
0.465565;0.476463;-0.0108978;476.463;4.84939;4.84939;4.84939;-10.8978;-9.81483;9.81483;0;465.565;-14.6642;-1112.35;17.38;50.1501;50.1501;4.84939;4.84939;17.38;0;1112.35;4.84939;99.2425;1;1;-1.6941;-5.1526
0.463696;0.476463;-0.0127669;476.463;4.80939;4.80939;4.80939;-12.7669;-9.81483;9.81483;0;463.696;-14.6242;-1112.31;17.5;43.3034;43.3034;4.80939;4.80939;17.5;0;1112.31;4.80939;99.3625;1;1;2.18819999999999;-6.8467
0.462603;0.476463;-0.0138598;476.463;4.78272;4.78272;4.78272;-13.8598;-9.81483;9.81483;0;462.603;-14.5975;-1112.29;17.58;38.6449;38.6449;4.78272;4.78272;17.58;0;1112.29;4.78272;99.4425;1;1;3.56440000000001;-4.6585
0.46235;0.476463;-0.0141133;476.463;4.77606;4.77606;4.77606;-14.1133;-9.81483;9.81483;0;462.35;-14.5908;-1112.28;17.6;37.5508;37.5508;4.77606;4.77606;17.6;0;1112.28;4.77606;99.4625;1;1;-4.87030000000001;-1.0941
0.460965;0.476463;-0.0154978;476.463;4.73601;4.73601;4.73601;-15.4978;-9.81483;9.81483;0;460.965;-14.5508;-1112.24;17.72;31.5864;31.5864;4.73601;4.73601;17.72;0;1112.24;4.73601;99.5825;1;1;1.2706;-5.9644
0.45999;0.476463;-0.0164733;476.463;4.70265;4.70265;4.70265;-16.4733;-9.81483;9.81483;0;459.99;-14.5174;-1112.21;17.82;26.8926;26.8926;4.70265;4.70265;17.82;0;1112.21;4.70265;99.6825;1;1;1.9057;-4.6938
0.45948;0.476463;-0.0169828;476.463;4.68267;4.68267;4.68267;-16.9828;-9.81483;9.81483;0;459.48;-14.4974;-1112.19;17.88;24.1045;24.1045;4.68267;4.68267;17.88;0;1112.19;4.68267;99.7425;1;1;0.176499999999997;-2.7881
0.459025;0.476463;-0.0174384;476.463;4.66268;4.66268;4.66268;-17.4384;-9.81483;9.81483;0;459.025;-14.4775;-1112.17;17.94;21.4929;21.4929;4.66268;4.66268;17.94;0;1112.17;4.66268;99.8025;1;1;-2.6116;-2.6116
0.45827;0.476463;-0.0181934;476.463;4.6227;4.6227;4.6227;-18.1934;-9.81483;9.81483;0;458.27;-14.4375;-1112.13;18.06;16.2697;16.2697;4.6227;4.6227;18.06;0;1112.13;4.6227;99.9225;1;1;1.0587;-5.2232
0.457797;0.476463;-0.0186659;476.463;4.58939;4.58939;4.58939;-18.6659;-9.81483;9.81483;0;457.797;-14.4042;-1112.09;18.16;12.1052;12.1052;4.58939;4.58939;18.16;0;1112.09;4.58939;100.022;1;1;2.6469;-4.1645
0.457646;0.476463;-0.0188176;476.463;4.57603;4.57603;4.57603;-18.8176;-9.81483;9.81483;0;457.646;-14.3908;-1112.08;18.2;10.5876;10.5876;4.57603;4.57603;18.2;0;1112.08;4.57603;100.063;1;1;-1.19986;-1.5176
0.4574;0.476463;-0.0190634;476.463;4.54939;4.54939;4.54939;-19.0634;-9.81483;9.81483;0;457.4;-14.3642;-1112.05;18.28;7.87014;7.87014;4.54939;4.54939;18.28;0;1112.05;4.54939;100.142;1;1;-0.741159999999999;-2.71746
0.457195;0.476463;-0.0192682;476.463;4.51605;4.51605;4.51605;-19.2682;-9.81483;9.81483;0;457.195;-14.3308;-1112.02;18.38;4.41152;4.41152;4.51605;4.51605;18.38;0;1112.02;4.51605;100.243;1;1;0.0705799999999996;-3.45862
0.457086;0.476463;-0.0193769;476.463;4.47605;4.47605;4.47605;-19.3769;-9.81483;9.81483;0;457.086;-14.2908;-1111.98;18.5;1.02348;1.02348;4.47605;4.47605;18.5;0;1111.98;4.47605;100.362;1;1;3.035115;-3.38804
0.457081;0.476463;-0.0193825;476.463;4.46941;4.46941;4.46941;-19.3825;-9.81483;9.81483;0;457.081;-14.2842;-1111.97;18.52;0.670555;0.670555;4.46941;4.46941;18.52;0;1111.97;4.46941;100.382;1;1;0.0705879999999999;-0.352925
0.45707;0.476463;-0.019393;476.463;4.44963;4.44963;4.44963;-19.393;-9.81483;9.81483;0;457.07;-14.2644;-1111.95;18.58;0.388218;0.388218;4.44963;4.44963;18.58;0;1111.95;4.44963;100.442;1;1;0.282337;-0.282337
0.457068;0.476463;-0.0193948;476.463;4.44496;4.44496;4.44496;-19.3948;-9.81483;9.81483;0;457.068;-14.2597;-1111.95;18.6;0.388218;0.388218;4.44496;4.44496;18.6;0;1111.95;4.44496;100.462;1;1;-0.070584;0
0.457066;0.476463;-0.0193973;476.463;4.43774;4.43774;4.43774;-19.3973;-9.81483;9.81483;0;457.066;-14.2525;-1111.94;18.72;0.317634;0.317634;4.43774;4.43774;18.72;0;1111.94;4.43774;100.583;1;1;0.070584;-0.070584
0;0;0;0;0;4.43682;4.43682;0;-9.81483;9.81483;0;0;-14.2516;-1111.94;0;0.317634;0.317634;0;4.43682;18.84;0;1111.94;4.43682;100.702;1;1;-0.070584;0
0;0;0;0;0;4.43667;4.43667;0;-9.81483;9.81483;0;0;-14.2514;-1111.94;0;0.24705;0.24705;0;4.43667;18.94;0;1111.94;4.43667;100.802;1;1;0.105876;-0.070584
0;0;0;0;0;4.43656;4.43656;0;-9.81483;9.81483;0;0;-14.2513;-1111.94;0;0.282342;0.282342;0;4.43656;19.06;0;1111.94;4.43656;100.923;1;1;0;0.035292
0;0;0;0;0;4.43655;4.43655;0;-9.81483;9.81483;0;0;-14.2513;-1111.94;0;0.317634;0.317634;0;4.43655;19.16;0;1111.94;4.43655;101.022;1;1;-0.0705840000000001;0.035292
0;0;0;0;0;4.43656;4.43656;0;-9.81483;9.81483;0;0;-14.2513;-1111.94;0;0.282342;0.282342;0;4.43656;19.28;0;1111.94;4.43656;101.142;1;1;0.211753;-0.035292
0;0;0;0;0;4.43658;4.43658;0;-9.81483;9.81483;0;0;-14.2514;-1111.94;0;0.458803;0.458803;0;4.43658;19.38;0;1111.94;4.43658;101.243;1;1;-0.352922;0.176461
0;0;0;0;0;4.4366;4.4366;0;-9.81483;9.81483;0;0;-14.2514;-1111.94;0;0.282342;0.282342;0;4.4366;19.5;0;1111.94;4.4366;101.362;1;1;0.31763;-0.176461
0;0;0;0;0;4.43662;4.43662;0;-9.81483;9.81483;0;0;-14.2514;-1111.94;0;0.423511;0.423511;0;4.43662;19.6;0;1111.94;4.43662;101.462;1;1;-0.176462;0.141169
0;0;0;0;0;4.43663;4.43663;0;-9.81483;9.81483;0;0;-14.2514;-1111.94;0;0.388218;0.388218;0;4.43663;19.72;0;1111.94;4.43663;101.583;1;1;0.035293;-0.035293
0;0;0;0;0;4.43663;4.43663;0;-9.81483;9.81483;0;0;-14.2514;-1111.94;0;0.388218;0.388218;0;4.43663;19.74;0;1111.94;4.43663;101.603;1;1;-0.388218;0
